"id","name","code","account_type","reconcile","name@vi_VN"
<<<<<<< HEAD
<<<<<<< HEAD
<<<<<<< HEAD
<<<<<<< HEAD
<<<<<<< HEAD
<<<<<<< HEAD
<<<<<<< HEAD
<<<<<<< HEAD
<<<<<<< HEAD
<<<<<<< HEAD
<<<<<<< HEAD
<<<<<<< HEAD
<<<<<<< HEAD
<<<<<<< HEAD
<<<<<<< HEAD
<<<<<<< HEAD
<<<<<<< HEAD
<<<<<<< HEAD
<<<<<<< HEAD
<<<<<<< HEAD
<<<<<<< HEAD
<<<<<<< HEAD
<<<<<<< HEAD
<<<<<<< HEAD
<<<<<<< HEAD
<<<<<<< HEAD
<<<<<<< HEAD
<<<<<<< HEAD
<<<<<<< HEAD
<<<<<<< HEAD
<<<<<<< HEAD
<<<<<<< HEAD
<<<<<<< HEAD
"chart1111","Vietnamese dong on hand","1111","asset_cash","False","Tiền Việt Nam - Tiền mặt"
"chart1112","Foreign currencies on hand","1112","asset_cash","False","Ngoại tệ - Tiền mặt"
"chart1113","Monetary gold on hand","1113","asset_cash","False","Vàng tiền tệ - Tiền mặt"
"chart1121","Vietnamese dong in bank","1121","asset_cash","False","Tiền Việt Nam - Tiền gửi ngân hàng"
"chart1122","Foreign currencies in bank","1122","asset_cash","False","Ngoại tệ - Tiền gửi ngân hàng"
"chart1123","Monetary gold in bank","1123","asset_cash","False","Vàng tiền tệ - Tiền gửi ngân hàng"
"chart1131","Vietnamese dong in transit","1131","asset_cash","False","Tiền Việt Nam - Tiền đang chuyển"
"chart1132","Foreign currencies in transit","1132","asset_cash","False","Ngoại tệ - Tiền đang chuyển"
"chart1211","Shares","1211","asset_current","False","Cổ phiếu"
"chart1212","Bonds","1212","asset_current","False","Trái phiếu"
"chart1218","Securities and other financial instruments","1218","asset_current","False","Chứng khoán và công cụ tài chính khác"
"chart1281","Time deposits","1281","asset_current","False","Tiền gửi có kỳ hạn"
<<<<<<< HEAD
<<<<<<< HEAD
<<<<<<< HEAD
<<<<<<< HEAD
<<<<<<< HEAD
<<<<<<< HEAD
<<<<<<< HEAD
<<<<<<< HEAD
<<<<<<< HEAD
<<<<<<< HEAD
<<<<<<< HEAD
<<<<<<< HEAD
<<<<<<< HEAD
<<<<<<< HEAD
<<<<<<< HEAD
<<<<<<< HEAD
<<<<<<< HEAD
<<<<<<< HEAD
<<<<<<< HEAD
<<<<<<< HEAD
<<<<<<< HEAD
<<<<<<< HEAD
<<<<<<< HEAD
<<<<<<< HEAD
<<<<<<< HEAD
<<<<<<< HEAD
<<<<<<< HEAD
<<<<<<< HEAD
<<<<<<< HEAD
<<<<<<< HEAD
<<<<<<< HEAD
<<<<<<< HEAD
<<<<<<< HEAD
<<<<<<< HEAD
<<<<<<< HEAD
<<<<<<< HEAD
<<<<<<< HEAD
<<<<<<< HEAD
<<<<<<< HEAD
<<<<<<< HEAD
<<<<<<< HEAD
<<<<<<< HEAD
<<<<<<< HEAD
<<<<<<< HEAD
<<<<<<< HEAD
<<<<<<< HEAD
<<<<<<< HEAD
<<<<<<< HEAD
<<<<<<< HEAD
<<<<<<< HEAD
<<<<<<< HEAD
<<<<<<< HEAD
<<<<<<< HEAD
<<<<<<< HEAD
<<<<<<< HEAD
<<<<<<< HEAD
<<<<<<< HEAD
<<<<<<< HEAD
<<<<<<< HEAD
<<<<<<< HEAD
<<<<<<< HEAD
<<<<<<< HEAD
<<<<<<< HEAD
<<<<<<< HEAD
<<<<<<< HEAD
<<<<<<< HEAD
<<<<<<< HEAD
<<<<<<< HEAD
<<<<<<< HEAD
<<<<<<< HEAD
<<<<<<< HEAD
<<<<<<< HEAD
<<<<<<< HEAD
<<<<<<< HEAD
<<<<<<< HEAD
<<<<<<< HEAD
<<<<<<< HEAD
<<<<<<< HEAD
<<<<<<< HEAD
<<<<<<< HEAD
<<<<<<< HEAD
<<<<<<< HEAD
<<<<<<< HEAD
<<<<<<< HEAD
<<<<<<< HEAD
<<<<<<< HEAD
<<<<<<< HEAD
<<<<<<< HEAD
<<<<<<< HEAD
<<<<<<< HEAD
<<<<<<< HEAD
<<<<<<< HEAD
<<<<<<< HEAD
<<<<<<< HEAD
<<<<<<< HEAD
<<<<<<< HEAD
<<<<<<< HEAD
<<<<<<< HEAD
<<<<<<< HEAD
<<<<<<< HEAD
<<<<<<< HEAD
<<<<<<< HEAD
<<<<<<< HEAD
<<<<<<< HEAD
<<<<<<< HEAD
<<<<<<< HEAD
<<<<<<< HEAD
<<<<<<< HEAD
<<<<<<< HEAD
<<<<<<< HEAD
<<<<<<< HEAD
<<<<<<< HEAD
<<<<<<< HEAD
<<<<<<< HEAD
<<<<<<< HEAD
<<<<<<< HEAD
<<<<<<< HEAD
<<<<<<< HEAD
<<<<<<< HEAD
"chart1282","Bonds","1282","asset_current","False","Trái phiếu"
"chart1283","Loans","1283","asset_current","False","Cho vay"
"chart1288","Other investments held to maturity","1288","asset_current","False","Các khoản đầu tư khác nắm giữ đến ngày đáo hạn"
"chart131","Trade receivables","131","asset_receivable","True","Phải thu của khách hàng"
"chart132","Trade receivables(pos)","132","asset_receivable","True","Phải thu của khách hàng(pos)"
=======
=======
>>>>>>> upstream/18.0
=======
>>>>>>> upstream/18.0
=======
>>>>>>> upstream/18.0
=======
>>>>>>> upstream/18.0
=======
>>>>>>> upstream/18.0
=======
>>>>>>> upstream/18.0
=======
>>>>>>> upstream/18.0
=======
>>>>>>> upstream/18.0
=======
>>>>>>> upstream/18.0
=======
>>>>>>> upstream/18.0
=======
>>>>>>> upstream/18.0
=======
>>>>>>> upstream/18.0
=======
>>>>>>> upstream/18.0
=======
>>>>>>> upstream/18.0
=======
>>>>>>> upstream/18.0
=======
>>>>>>> upstream/18.0
=======
>>>>>>> upstream/18.0
=======
>>>>>>> upstream/18.0
=======
>>>>>>> upstream/18.0
=======
>>>>>>> upstream/18.0
=======
>>>>>>> upstream/18.0
=======
>>>>>>> upstream/18.0
=======
>>>>>>> upstream/18.0
=======
>>>>>>> upstream/18.0
=======
>>>>>>> upstream/18.0
=======
>>>>>>> upstream/18.0
=======
>>>>>>> upstream/18.0
=======
>>>>>>> upstream/18.0
=======
>>>>>>> upstream/18.0
=======
>>>>>>> upstream/18.0
=======
>>>>>>> upstream/18.0
=======
>>>>>>> upstream/18.0
=======
>>>>>>> upstream/18.0
=======
>>>>>>> upstream/18.0
=======
>>>>>>> upstream/18.0
=======
>>>>>>> upstream/18.0
=======
>>>>>>> upstream/18.0
=======
>>>>>>> upstream/18.0
=======
>>>>>>> upstream/18.0
=======
>>>>>>> upstream/18.0
=======
>>>>>>> upstream/18.0
=======
>>>>>>> upstream/18.0
=======
>>>>>>> upstream/18.0
=======
>>>>>>> upstream/18.0
=======
>>>>>>> upstream/18.0
=======
>>>>>>> upstream/18.0
=======
>>>>>>> upstream/18.0
=======
>>>>>>> upstream/18.0
=======
>>>>>>> upstream/18.0
=======
>>>>>>> upstream/18.0
=======
>>>>>>> upstream/18.0
=======
>>>>>>> upstream/18.0
=======
>>>>>>> upstream/18.0
=======
>>>>>>> upstream/18.0
=======
>>>>>>> upstream/18.0
=======
>>>>>>> upstream/18.0
=======
>>>>>>> upstream/18.0
=======
>>>>>>> upstream/18.0
=======
>>>>>>> upstream/18.0
=======
>>>>>>> upstream/18.0
=======
>>>>>>> upstream/18.0
=======
>>>>>>> upstream/18.0
=======
>>>>>>> upstream/18.0
=======
>>>>>>> upstream/18.0
=======
>>>>>>> upstream/18.0
=======
>>>>>>> upstream/18.0
=======
>>>>>>> upstream/18.0
=======
>>>>>>> upstream/18.0
=======
>>>>>>> upstream/18.0
=======
>>>>>>> upstream/18.0
=======
>>>>>>> upstream/18.0
=======
>>>>>>> upstream/18.0
=======
>>>>>>> upstream/18.0
=======
>>>>>>> upstream/18.0
=======
>>>>>>> upstream/18.0
=======
>>>>>>> upstream/18.0
=======
>>>>>>> upstream/18.0
=======
>>>>>>> upstream/18.0
=======
>>>>>>> upstream/18.0
=======
>>>>>>> upstream/18.0
=======
>>>>>>> upstream/18.0
=======
>>>>>>> upstream/18.0
=======
>>>>>>> upstream/18.0
=======
>>>>>>> upstream/18.0
=======
>>>>>>> upstream/18.0
=======
>>>>>>> upstream/18.0
=======
>>>>>>> upstream/18.0
=======
>>>>>>> upstream/18.0
=======
>>>>>>> upstream/18.0
=======
>>>>>>> upstream/18.0
=======
>>>>>>> upstream/18.0
=======
>>>>>>> upstream/18.0
=======
>>>>>>> upstream/18.0
=======
>>>>>>> upstream/18.0
=======
>>>>>>> upstream/18.0
=======
>>>>>>> upstream/18.0
=======
>>>>>>> upstream/18.0
=======
>>>>>>> upstream/18.0
=======
>>>>>>> upstream/18.0
=======
>>>>>>> upstream/18.0
=======
>>>>>>> upstream/18.0
=======
>>>>>>> upstream/18.0
=======
>>>>>>> upstream/18.0
=======
>>>>>>> upstream/18.0
=======
>>>>>>> upstream/18.0
=======
>>>>>>> upstream/18.0
=======
>>>>>>> upstream/18.0
=======
>>>>>>> upstream/18.0
=======
>>>>>>> upstream/18.0
=======
>>>>>>> upstream/18.0
=======
>>>>>>> upstream/18.0
=======
>>>>>>> upstream/18.0
=======
>>>>>>> upstream/18.0
=======
>>>>>>> upstream/18.0
=======
>>>>>>> upstream/18.0
=======
>>>>>>> upstream/18.0
=======
>>>>>>> upstream/18.0
=======
>>>>>>> upstream/18.0
"chart12811","Time deposits - less than 3 months","12811","asset_current","False","Tiền gửi có kỳ hạn - dưới 3 tháng"
"chart12812","Time deposits - 3-12 months","12812","asset_current","False","Tiền gửi có kỳ hạn - 3-12 tháng"
"chart12813","Time deposits - long term","12813","asset_current","False","Tiền gửi có kỳ hạn - dài hạn"
"chart1282","Bonds","1282","asset_current","False","Trái phiếu"
"chart12822","Bonds - 3-12 months","12822","asset_current","False","Trái phiếu - 3-12 tháng"
"chart12823","Bonds - long term","12823","asset_current","False","Trái phiếu - dài hạn"
"chart1283","Loans","1283","asset_current","False","Cho vay"
"chart12831","Loans - short term","12831","asset_current","False","Cho vay - ngắn hạn"
"chart12832","Loans - long term","12832","asset_current","False","Cho vay - dài hạn"
"chart1288","Other investments held to maturity","1288","asset_current","False","Các khoản đầu tư khác nắm giữ đến ngày đáo hạn"
=======
=======
>>>>>>> upstream/18.0
=======
>>>>>>> upstream/18.0
=======
>>>>>>> upstream/18.0
=======
>>>>>>> upstream/18.0
=======
>>>>>>> upstream/18.0
=======
>>>>>>> upstream/18.0
=======
>>>>>>> upstream/18.0
=======
>>>>>>> upstream/18.0
=======
>>>>>>> upstream/18.0
=======
>>>>>>> upstream/18.0
=======
>>>>>>> upstream/18.0
=======
>>>>>>> upstream/18.0
=======
>>>>>>> upstream/18.0
=======
>>>>>>> upstream/18.0
=======
>>>>>>> upstream/18.0
=======
>>>>>>> upstream/18.0
=======
>>>>>>> upstream/18.0
=======
>>>>>>> upstream/18.0
=======
>>>>>>> upstream/18.0
=======
>>>>>>> upstream/18.0
=======
>>>>>>> upstream/18.0
=======
>>>>>>> upstream/18.0
=======
>>>>>>> upstream/18.0
=======
>>>>>>> upstream/18.0
=======
>>>>>>> upstream/18.0
=======
>>>>>>> upstream/18.0
=======
>>>>>>> upstream/18.0
=======
>>>>>>> upstream/18.0
=======
>>>>>>> upstream/18.0
=======
>>>>>>> upstream/18.0
=======
>>>>>>> upstream/18.0
=======
>>>>>>> upstream/18.0
"chart1111","Cash","111","asset_cash","False","Tiền mặt"
"chart112","Demand Deposit","112","asset_cash","False","Tiền gửi không kỳ hạn"
"chart1121","Bank Suspense Account","1121","asset_current","False","Tài khoản tạm thời ngân hàng"
"chart1131","Money in transit","113","asset_cash","False","Tiền đang chuyển"
"account_journal_payment_debit_account_id","Outstanding Receipts","1131","asset_current","True","Biên lai chưa thanh toán"
"account_journal_payment_credit_account_id","Outstanding Payments","1132","asset_current","True","Khoản chi chưa thanh toán"
"chart121","Trading Securities","121","asset_current","False","Chứng khoán kinh doanh"
"chart12811","Time deposits - less than 3 months","12811","asset_current","False","Tiền gửi có kỳ hạn - dưới 3 tháng"
"chart12812","Time deposits - 3-12 months","12812","asset_current","False","Tiền gửi có kỳ hạn - 3-12 tháng"
"chart12813","Time deposits - long term","12813","asset_current","False","Tiền gửi có kỳ hạn - dài hạn"
"chart12822","Bonds - 3-12 months","12822","asset_current","False","Trái phiếu - 3-12 tháng"
"chart12823","Bonds - long term","12823","asset_current","False","Trái phiếu - dài hạn"
"chart12831","Loans - short term","12831","asset_current","False","Cho vay - ngắn hạn"
"chart12832","Loans - long term","12832","asset_current","False","Cho vay - dài hạn"
<<<<<<< HEAD
<<<<<<< HEAD
<<<<<<< HEAD
<<<<<<< HEAD
<<<<<<< HEAD
<<<<<<< HEAD
<<<<<<< HEAD
<<<<<<< HEAD
<<<<<<< HEAD
<<<<<<< HEAD
<<<<<<< HEAD
<<<<<<< HEAD
<<<<<<< HEAD
<<<<<<< HEAD
<<<<<<< HEAD
<<<<<<< HEAD
<<<<<<< HEAD
<<<<<<< HEAD
<<<<<<< HEAD
<<<<<<< HEAD
<<<<<<< HEAD
<<<<<<< HEAD
<<<<<<< HEAD
<<<<<<< HEAD
<<<<<<< HEAD
<<<<<<< HEAD
<<<<<<< HEAD
<<<<<<< HEAD
<<<<<<< HEAD
<<<<<<< HEAD
<<<<<<< HEAD
<<<<<<< HEAD
>>>>>>> upstream/18.0
=======
>>>>>>> upstream/18.0
=======
>>>>>>> upstream/18.0
=======
>>>>>>> upstream/18.0
=======
>>>>>>> upstream/18.0
=======
>>>>>>> upstream/18.0
=======
>>>>>>> upstream/18.0
=======
>>>>>>> upstream/18.0
=======
>>>>>>> upstream/18.0
=======
>>>>>>> upstream/18.0
=======
>>>>>>> upstream/18.0
=======
>>>>>>> upstream/18.0
=======
>>>>>>> upstream/18.0
=======
>>>>>>> upstream/18.0
=======
>>>>>>> upstream/18.0
=======
>>>>>>> upstream/18.0
=======
>>>>>>> upstream/18.0
=======
>>>>>>> upstream/18.0
=======
>>>>>>> upstream/18.0
=======
>>>>>>> upstream/18.0
=======
>>>>>>> upstream/18.0
=======
>>>>>>> upstream/18.0
=======
>>>>>>> upstream/18.0
=======
>>>>>>> upstream/18.0
=======
>>>>>>> upstream/18.0
=======
>>>>>>> upstream/18.0
=======
>>>>>>> upstream/18.0
=======
>>>>>>> upstream/18.0
=======
>>>>>>> upstream/18.0
=======
>>>>>>> upstream/18.0
=======
>>>>>>> upstream/18.0
=======
>>>>>>> upstream/18.0
=======
>>>>>>> upstream/18.0
"chart12881","Other investments held to maturity - less than 3 months","12881","asset_current","False","Các khoản đầu tư khác nắm giữ đến ngày đáo hạn - dưới 3 tháng"
"chart12882","Other investments held to maturity - 3-12 months","12882","asset_current","False","Các khoản đầu tư khác nắm giữ đến ngày đáo hạn - 3-12 tháng"
"chart12883","Other investments held to maturity - long term","12883","asset_current","False","Các khoản đầu tư khác nắm giữ đến ngày đáo hạn - dài hạn"
"chart1311","Trade receivables - short term","1311","asset_receivable","True","Phải thu của khách hàng - ngắn hạn"
"chart1312","Trade receivables - long term","1312","asset_receivable","True","Phải thu của khách hàng - dài hạn"
<<<<<<< HEAD
<<<<<<< HEAD
<<<<<<< HEAD
<<<<<<< HEAD
<<<<<<< HEAD
<<<<<<< HEAD
<<<<<<< HEAD
<<<<<<< HEAD
<<<<<<< HEAD
<<<<<<< HEAD
<<<<<<< HEAD
<<<<<<< HEAD
<<<<<<< HEAD
<<<<<<< HEAD
<<<<<<< HEAD
<<<<<<< HEAD
<<<<<<< HEAD
<<<<<<< HEAD
<<<<<<< HEAD
<<<<<<< HEAD
<<<<<<< HEAD
<<<<<<< HEAD
<<<<<<< HEAD
<<<<<<< HEAD
<<<<<<< HEAD
<<<<<<< HEAD
<<<<<<< HEAD
<<<<<<< HEAD
<<<<<<< HEAD
<<<<<<< HEAD
<<<<<<< HEAD
<<<<<<< HEAD
<<<<<<< HEAD
<<<<<<< HEAD
<<<<<<< HEAD
<<<<<<< HEAD
<<<<<<< HEAD
<<<<<<< HEAD
<<<<<<< HEAD
<<<<<<< HEAD
<<<<<<< HEAD
<<<<<<< HEAD
<<<<<<< HEAD
<<<<<<< HEAD
<<<<<<< HEAD
<<<<<<< HEAD
<<<<<<< HEAD
<<<<<<< HEAD
<<<<<<< HEAD
<<<<<<< HEAD
<<<<<<< HEAD
<<<<<<< HEAD
<<<<<<< HEAD
<<<<<<< HEAD
<<<<<<< HEAD
<<<<<<< HEAD
<<<<<<< HEAD
<<<<<<< HEAD
<<<<<<< HEAD
<<<<<<< HEAD
<<<<<<< HEAD
<<<<<<< HEAD
<<<<<<< HEAD
<<<<<<< HEAD
<<<<<<< HEAD
<<<<<<< HEAD
<<<<<<< HEAD
<<<<<<< HEAD
<<<<<<< HEAD
<<<<<<< HEAD
<<<<<<< HEAD
<<<<<<< HEAD
<<<<<<< HEAD
<<<<<<< HEAD
<<<<<<< HEAD
<<<<<<< HEAD
<<<<<<< HEAD
<<<<<<< HEAD
<<<<<<< HEAD
<<<<<<< HEAD
<<<<<<< HEAD
<<<<<<< HEAD
<<<<<<< HEAD
<<<<<<< HEAD
<<<<<<< HEAD
<<<<<<< HEAD
<<<<<<< HEAD
<<<<<<< HEAD
<<<<<<< HEAD
<<<<<<< HEAD
<<<<<<< HEAD
<<<<<<< HEAD
<<<<<<< HEAD
<<<<<<< HEAD
<<<<<<< HEAD
<<<<<<< HEAD
<<<<<<< HEAD
<<<<<<< HEAD
<<<<<<< HEAD
<<<<<<< HEAD
<<<<<<< HEAD
<<<<<<< HEAD
<<<<<<< HEAD
<<<<<<< HEAD
<<<<<<< HEAD
<<<<<<< HEAD
<<<<<<< HEAD
<<<<<<< HEAD
<<<<<<< HEAD
<<<<<<< HEAD
<<<<<<< HEAD
<<<<<<< HEAD
<<<<<<< HEAD
<<<<<<< HEAD
<<<<<<< HEAD
<<<<<<< HEAD
<<<<<<< HEAD
<<<<<<< HEAD
<<<<<<< HEAD
<<<<<<< HEAD
<<<<<<< HEAD
<<<<<<< HEAD
<<<<<<< HEAD
<<<<<<< HEAD
<<<<<<< HEAD
<<<<<<< HEAD
<<<<<<< HEAD
<<<<<<< HEAD
<<<<<<< HEAD
<<<<<<< HEAD
<<<<<<< HEAD
<<<<<<< HEAD
<<<<<<< HEAD
<<<<<<< HEAD
<<<<<<< HEAD
<<<<<<< HEAD
<<<<<<< HEAD
<<<<<<< HEAD
<<<<<<< HEAD
<<<<<<< HEAD
<<<<<<< HEAD
<<<<<<< HEAD
<<<<<<< HEAD
<<<<<<< HEAD
<<<<<<< HEAD
<<<<<<< HEAD
<<<<<<< HEAD
<<<<<<< HEAD
<<<<<<< HEAD
<<<<<<< HEAD
<<<<<<< HEAD
>>>>>>> upstream/18.0
=======
>>>>>>> upstream/18.0
=======
>>>>>>> upstream/18.0
=======
>>>>>>> upstream/18.0
=======
>>>>>>> upstream/18.0
=======
>>>>>>> upstream/18.0
=======
>>>>>>> upstream/18.0
=======
>>>>>>> upstream/18.0
=======
>>>>>>> upstream/18.0
=======
>>>>>>> upstream/18.0
=======
>>>>>>> upstream/18.0
=======
>>>>>>> upstream/18.0
=======
>>>>>>> upstream/18.0
=======
>>>>>>> upstream/18.0
=======
>>>>>>> upstream/18.0
=======
>>>>>>> upstream/18.0
=======
>>>>>>> upstream/18.0
=======
>>>>>>> upstream/18.0
=======
>>>>>>> upstream/18.0
=======
>>>>>>> upstream/18.0
=======
>>>>>>> upstream/18.0
=======
>>>>>>> upstream/18.0
=======
>>>>>>> upstream/18.0
=======
>>>>>>> upstream/18.0
=======
>>>>>>> upstream/18.0
=======
>>>>>>> upstream/18.0
=======
>>>>>>> upstream/18.0
=======
>>>>>>> upstream/18.0
=======
>>>>>>> upstream/18.0
=======
>>>>>>> upstream/18.0
=======
>>>>>>> upstream/18.0
=======
>>>>>>> upstream/18.0
=======
>>>>>>> upstream/18.0
=======
>>>>>>> upstream/18.0
=======
>>>>>>> upstream/18.0
=======
>>>>>>> upstream/18.0
=======
>>>>>>> upstream/18.0
=======
>>>>>>> upstream/18.0
=======
>>>>>>> upstream/18.0
=======
>>>>>>> upstream/18.0
=======
>>>>>>> upstream/18.0
=======
>>>>>>> upstream/18.0
=======
>>>>>>> upstream/18.0
=======
>>>>>>> upstream/18.0
=======
>>>>>>> upstream/18.0
=======
>>>>>>> upstream/18.0
=======
>>>>>>> upstream/18.0
=======
>>>>>>> upstream/18.0
=======
>>>>>>> upstream/18.0
=======
>>>>>>> upstream/18.0
=======
>>>>>>> upstream/18.0
=======
>>>>>>> upstream/18.0
=======
>>>>>>> upstream/18.0
=======
>>>>>>> upstream/18.0
=======
>>>>>>> upstream/18.0
=======
>>>>>>> upstream/18.0
=======
>>>>>>> upstream/18.0
=======
>>>>>>> upstream/18.0
=======
>>>>>>> upstream/18.0
=======
>>>>>>> upstream/18.0
=======
>>>>>>> upstream/18.0
=======
>>>>>>> upstream/18.0
=======
>>>>>>> upstream/18.0
=======
>>>>>>> upstream/18.0
=======
>>>>>>> upstream/18.0
=======
>>>>>>> upstream/18.0
=======
>>>>>>> upstream/18.0
=======
>>>>>>> upstream/18.0
=======
>>>>>>> upstream/18.0
=======
>>>>>>> upstream/18.0
=======
>>>>>>> upstream/18.0
=======
>>>>>>> upstream/18.0
=======
>>>>>>> upstream/18.0
=======
>>>>>>> upstream/18.0
=======
>>>>>>> upstream/18.0
=======
>>>>>>> upstream/18.0
=======
>>>>>>> upstream/18.0
=======
>>>>>>> upstream/18.0
=======
>>>>>>> upstream/18.0
=======
>>>>>>> upstream/18.0
=======
>>>>>>> upstream/18.0
=======
>>>>>>> upstream/18.0
=======
>>>>>>> upstream/18.0
=======
>>>>>>> upstream/18.0
=======
>>>>>>> upstream/18.0
=======
>>>>>>> upstream/18.0
=======
>>>>>>> upstream/18.0
=======
>>>>>>> upstream/18.0
=======
>>>>>>> upstream/18.0
=======
>>>>>>> upstream/18.0
=======
>>>>>>> upstream/18.0
=======
>>>>>>> upstream/18.0
=======
>>>>>>> upstream/18.0
=======
>>>>>>> upstream/18.0
=======
>>>>>>> upstream/18.0
=======
>>>>>>> upstream/18.0
=======
>>>>>>> upstream/18.0
=======
>>>>>>> upstream/18.0
=======
>>>>>>> upstream/18.0
=======
>>>>>>> upstream/18.0
=======
>>>>>>> upstream/18.0
=======
>>>>>>> upstream/18.0
=======
>>>>>>> upstream/18.0
=======
>>>>>>> upstream/18.0
=======
>>>>>>> upstream/18.0
=======
>>>>>>> upstream/18.0
=======
>>>>>>> upstream/18.0
=======
>>>>>>> upstream/18.0
=======
>>>>>>> upstream/18.0
=======
>>>>>>> upstream/18.0
=======
>>>>>>> upstream/18.0
=======
>>>>>>> upstream/18.0
=======
>>>>>>> upstream/18.0
=======
>>>>>>> upstream/18.0
=======
>>>>>>> upstream/18.0
=======
>>>>>>> upstream/18.0
=======
>>>>>>> upstream/18.0
=======
>>>>>>> upstream/18.0
=======
>>>>>>> upstream/18.0
"chart1331","Deductible VAT of goods and services","1331","asset_current","False","Thuế GTGT HHDV mua vào"
"chart1332","Deductible VAT of fixed assets","1332","asset_current","False","Thuế GTGT được khấu trừ của tài sản cố định"
"chart1361","Working capital provided to sub-units","1361","asset_receivable","True","Vốn kinh doanh ở các đơn vị trực thuộc"
"chart1362","Internal receivables on foreign exchange difference","1362","asset_receivable","True","Phải thu nội bộ về chênh lệch tỷ giá"
<<<<<<< HEAD
<<<<<<< HEAD
<<<<<<< HEAD
<<<<<<< HEAD
<<<<<<< HEAD
<<<<<<< HEAD
<<<<<<< HEAD
<<<<<<< HEAD
<<<<<<< HEAD
<<<<<<< HEAD
<<<<<<< HEAD
<<<<<<< HEAD
<<<<<<< HEAD
<<<<<<< HEAD
<<<<<<< HEAD
<<<<<<< HEAD
<<<<<<< HEAD
<<<<<<< HEAD
<<<<<<< HEAD
<<<<<<< HEAD
<<<<<<< HEAD
<<<<<<< HEAD
<<<<<<< HEAD
<<<<<<< HEAD
<<<<<<< HEAD
<<<<<<< HEAD
<<<<<<< HEAD
<<<<<<< HEAD
<<<<<<< HEAD
<<<<<<< HEAD
<<<<<<< HEAD
<<<<<<< HEAD
<<<<<<< HEAD
<<<<<<< HEAD
<<<<<<< HEAD
<<<<<<< HEAD
<<<<<<< HEAD
<<<<<<< HEAD
<<<<<<< HEAD
<<<<<<< HEAD
<<<<<<< HEAD
<<<<<<< HEAD
<<<<<<< HEAD
<<<<<<< HEAD
<<<<<<< HEAD
<<<<<<< HEAD
<<<<<<< HEAD
<<<<<<< HEAD
<<<<<<< HEAD
<<<<<<< HEAD
<<<<<<< HEAD
<<<<<<< HEAD
<<<<<<< HEAD
<<<<<<< HEAD
<<<<<<< HEAD
<<<<<<< HEAD
<<<<<<< HEAD
<<<<<<< HEAD
<<<<<<< HEAD
<<<<<<< HEAD
<<<<<<< HEAD
<<<<<<< HEAD
<<<<<<< HEAD
<<<<<<< HEAD
<<<<<<< HEAD
<<<<<<< HEAD
<<<<<<< HEAD
<<<<<<< HEAD
<<<<<<< HEAD
<<<<<<< HEAD
<<<<<<< HEAD
<<<<<<< HEAD
<<<<<<< HEAD
<<<<<<< HEAD
<<<<<<< HEAD
<<<<<<< HEAD
<<<<<<< HEAD
<<<<<<< HEAD
<<<<<<< HEAD
<<<<<<< HEAD
<<<<<<< HEAD
<<<<<<< HEAD
<<<<<<< HEAD
<<<<<<< HEAD
<<<<<<< HEAD
<<<<<<< HEAD
<<<<<<< HEAD
<<<<<<< HEAD
<<<<<<< HEAD
<<<<<<< HEAD
<<<<<<< HEAD
<<<<<<< HEAD
<<<<<<< HEAD
<<<<<<< HEAD
<<<<<<< HEAD
<<<<<<< HEAD
<<<<<<< HEAD
<<<<<<< HEAD
<<<<<<< HEAD
<<<<<<< HEAD
<<<<<<< HEAD
<<<<<<< HEAD
<<<<<<< HEAD
<<<<<<< HEAD
<<<<<<< HEAD
<<<<<<< HEAD
<<<<<<< HEAD
<<<<<<< HEAD
<<<<<<< HEAD
<<<<<<< HEAD
<<<<<<< HEAD
<<<<<<< HEAD
<<<<<<< HEAD
<<<<<<< HEAD
<<<<<<< HEAD
<<<<<<< HEAD
<<<<<<< HEAD
<<<<<<< HEAD
<<<<<<< HEAD
"chart1363","Internal receivables on borrowing costs eligible for capitalization","1363","asset_receivable","True","Phải thu nội bộ về chi phí đi vay đủ điều kiện được vốn hóa"
"chart1368","Other internal receivables","1368","asset_receivable","True","Phải thu nội bộ khác"
"chart1381","Shortage of assets awaiting resolution","1381","asset_receivable","True","Tài sản thiếu chờ xử lý"
"chart1385","Privatization receivables","1385","asset_receivable","True","Phải thu về cổ phần hóa"
"chart1388","Other receivables","1388","asset_receivable","True","Phải thu khác"
"chart141","Advances","141","asset_receivable","True","Tạm ứng"
=======
=======
>>>>>>> upstream/18.0
=======
>>>>>>> upstream/18.0
=======
>>>>>>> upstream/18.0
=======
>>>>>>> upstream/18.0
=======
>>>>>>> upstream/18.0
=======
>>>>>>> upstream/18.0
=======
>>>>>>> upstream/18.0
=======
>>>>>>> upstream/18.0
=======
>>>>>>> upstream/18.0
=======
>>>>>>> upstream/18.0
=======
>>>>>>> upstream/18.0
=======
>>>>>>> upstream/18.0
=======
>>>>>>> upstream/18.0
=======
>>>>>>> upstream/18.0
=======
>>>>>>> upstream/18.0
=======
>>>>>>> upstream/18.0
=======
>>>>>>> upstream/18.0
=======
>>>>>>> upstream/18.0
=======
>>>>>>> upstream/18.0
=======
>>>>>>> upstream/18.0
=======
>>>>>>> upstream/18.0
=======
>>>>>>> upstream/18.0
=======
>>>>>>> upstream/18.0
=======
>>>>>>> upstream/18.0
=======
>>>>>>> upstream/18.0
=======
>>>>>>> upstream/18.0
=======
>>>>>>> upstream/18.0
=======
>>>>>>> upstream/18.0
=======
>>>>>>> upstream/18.0
=======
>>>>>>> upstream/18.0
=======
>>>>>>> upstream/18.0
=======
>>>>>>> upstream/18.0
=======
>>>>>>> upstream/18.0
=======
>>>>>>> upstream/18.0
=======
>>>>>>> upstream/18.0
=======
>>>>>>> upstream/18.0
=======
>>>>>>> upstream/18.0
=======
>>>>>>> upstream/18.0
=======
>>>>>>> upstream/18.0
=======
>>>>>>> upstream/18.0
=======
>>>>>>> upstream/18.0
=======
>>>>>>> upstream/18.0
=======
>>>>>>> upstream/18.0
=======
>>>>>>> upstream/18.0
=======
>>>>>>> upstream/18.0
=======
>>>>>>> upstream/18.0
=======
>>>>>>> upstream/18.0
=======
>>>>>>> upstream/18.0
=======
>>>>>>> upstream/18.0
=======
>>>>>>> upstream/18.0
=======
>>>>>>> upstream/18.0
=======
>>>>>>> upstream/18.0
=======
>>>>>>> upstream/18.0
=======
>>>>>>> upstream/18.0
=======
>>>>>>> upstream/18.0
=======
>>>>>>> upstream/18.0
=======
>>>>>>> upstream/18.0
=======
>>>>>>> upstream/18.0
=======
>>>>>>> upstream/18.0
=======
>>>>>>> upstream/18.0
=======
>>>>>>> upstream/18.0
=======
>>>>>>> upstream/18.0
=======
>>>>>>> upstream/18.0
=======
>>>>>>> upstream/18.0
=======
>>>>>>> upstream/18.0
=======
>>>>>>> upstream/18.0
=======
>>>>>>> upstream/18.0
=======
>>>>>>> upstream/18.0
=======
>>>>>>> upstream/18.0
=======
>>>>>>> upstream/18.0
=======
>>>>>>> upstream/18.0
=======
>>>>>>> upstream/18.0
=======
>>>>>>> upstream/18.0
=======
>>>>>>> upstream/18.0
=======
>>>>>>> upstream/18.0
=======
>>>>>>> upstream/18.0
=======
>>>>>>> upstream/18.0
=======
>>>>>>> upstream/18.0
=======
>>>>>>> upstream/18.0
=======
>>>>>>> upstream/18.0
=======
>>>>>>> upstream/18.0
=======
>>>>>>> upstream/18.0
=======
>>>>>>> upstream/18.0
=======
>>>>>>> upstream/18.0
=======
>>>>>>> upstream/18.0
=======
>>>>>>> upstream/18.0
=======
>>>>>>> upstream/18.0
=======
>>>>>>> upstream/18.0
=======
>>>>>>> upstream/18.0
=======
>>>>>>> upstream/18.0
=======
>>>>>>> upstream/18.0
=======
>>>>>>> upstream/18.0
=======
>>>>>>> upstream/18.0
=======
>>>>>>> upstream/18.0
=======
>>>>>>> upstream/18.0
=======
>>>>>>> upstream/18.0
=======
>>>>>>> upstream/18.0
=======
>>>>>>> upstream/18.0
=======
>>>>>>> upstream/18.0
=======
>>>>>>> upstream/18.0
=======
>>>>>>> upstream/18.0
=======
>>>>>>> upstream/18.0
=======
>>>>>>> upstream/18.0
=======
>>>>>>> upstream/18.0
=======
>>>>>>> upstream/18.0
=======
>>>>>>> upstream/18.0
=======
>>>>>>> upstream/18.0
=======
>>>>>>> upstream/18.0
=======
>>>>>>> upstream/18.0
=======
>>>>>>> upstream/18.0
=======
>>>>>>> upstream/18.0
=======
>>>>>>> upstream/18.0
=======
>>>>>>> upstream/18.0
=======
>>>>>>> upstream/18.0
=======
>>>>>>> upstream/18.0
=======
>>>>>>> upstream/18.0
=======
>>>>>>> upstream/18.0
=======
>>>>>>> upstream/18.0
"chart13621","Internal receivables on foreign exchange difference - short term","13621","asset_receivable","True","Phải thu nội bộ về chênh lệch tỷ giá - ngắn hạn"
"chart13622","Internal receivables on foreign exchange difference - long term","13622","asset_receivable","True","Phải thu nội bộ về chênh lệch tỷ giá - dài hạn"
"chart1363","Internal receivables on borrowing costs eligible for capitalization","1363","asset_receivable","True","Phải thu nội bộ về chi phí đi vay đủ điều kiện được vốn hóa"
"chart13631","Internal receivables on borrowing costs eligible for capitalization - short term","13631","asset_receivable","True","Phải thu nội bộ về chi phí đi vay đủ điều kiện được vốn hoá - ngắn hạn"
"chart13632","Internal receivables on borrowing costs eligible for capitalization - long term","13632","asset_receivable","True","Phải thu nội bộ về chi phí đi vay đủ điều kiện được vốn hoá - dài hạn"
"chart1368","Other internal receivables","1368","asset_receivable","True","Phải thu nội bộ khác"
"chart13681","Other internal receivables - short term","13681","asset_receivable","True","Phải thu nội bộ khác - ngắn hạn"
"chart13682","Other internal receivables - long term","13682","asset_receivable","True","Phải thu nội bộ khác - dài hạn"
"chart1381","Shortage of assets awaiting resolution","1381","asset_receivable","True","Tài sản thiếu chờ xử lý"
"chart13811","Shortage of assets awaiting resolution - short term","13811","asset_receivable","True","Tài sản thiếu chờ xử lý - ngắn hạn"
"chart13812","Shortage of assets awaiting resolution - long term","13812","asset_receivable","True","Tài sản thiếu chờ xử lý - dài hạn"
"chart1385","Privatization receivables","1385","asset_receivable","True","Phải thu về cổ phần hóa"
"chart13851","Privatization receivables - short term","13851","asset_receivable","True","Phải thu về cổ phần hoá - ngắn hạn"
"chart13852","Privatization receivables - long term","13852","asset_receivable","True","Phải thu về cổ phần hoá - dài hạn"
"chart1388","Other receivables","1388","asset_receivable","True","Phải thu khác"
=======
=======
>>>>>>> upstream/18.0
=======
>>>>>>> upstream/18.0
=======
>>>>>>> upstream/18.0
=======
>>>>>>> upstream/18.0
=======
>>>>>>> upstream/18.0
=======
>>>>>>> upstream/18.0
=======
>>>>>>> upstream/18.0
=======
>>>>>>> upstream/18.0
=======
>>>>>>> upstream/18.0
=======
>>>>>>> upstream/18.0
=======
>>>>>>> upstream/18.0
=======
>>>>>>> upstream/18.0
=======
>>>>>>> upstream/18.0
=======
>>>>>>> upstream/18.0
=======
>>>>>>> upstream/18.0
=======
>>>>>>> upstream/18.0
=======
>>>>>>> upstream/18.0
=======
>>>>>>> upstream/18.0
=======
>>>>>>> upstream/18.0
=======
>>>>>>> upstream/18.0
=======
>>>>>>> upstream/18.0
=======
>>>>>>> upstream/18.0
=======
>>>>>>> upstream/18.0
=======
>>>>>>> upstream/18.0
=======
>>>>>>> upstream/18.0
=======
>>>>>>> upstream/18.0
=======
>>>>>>> upstream/18.0
=======
>>>>>>> upstream/18.0
=======
>>>>>>> upstream/18.0
=======
>>>>>>> upstream/18.0
=======
>>>>>>> upstream/18.0
=======
>>>>>>> upstream/18.0
"chart1331","Deductible VAT of goods and services","1331","asset_current","False","Thuế GTGT HHDV mua vào"
"chart1332","Deductible VAT of fixed assets","1332","asset_current","False","Thuế GTGT được khấu trừ của tài sản cố định"
"chart1361","Working capital provided to sub-units","1361","asset_receivable","True","Vốn kinh doanh ở các đơn vị trực thuộc"
"chart13621","Internal receivables on foreign exchange difference - short term","13621","asset_receivable","True","Phải thu nội bộ về chênh lệch tỷ giá - ngắn hạn"
"chart13622","Internal receivables on foreign exchange difference - long term","13622","asset_receivable","True","Phải thu nội bộ về chênh lệch tỷ giá - dài hạn"
"chart13631","Internal receivables on borrowing costs eligible for capitalization - short term","13631","asset_receivable","True","Phải thu nội bộ về chi phí đi vay đủ điều kiện được vốn hoá - ngắn hạn"
"chart13632","Internal receivables on borrowing costs eligible for capitalization - long term","13632","asset_receivable","True","Phải thu nội bộ về chi phí đi vay đủ điều kiện được vốn hoá - dài hạn"
"chart13681","Other internal receivables - short term","13681","asset_receivable","True","Phải thu nội bộ khác - ngắn hạn"
"chart13682","Other internal receivables - long term","13682","asset_receivable","True","Phải thu nội bộ khác - dài hạn"
"chart13811","Shortage of assets awaiting resolution - short term","13811","asset_receivable","True","Tài sản thiếu chờ xử lý - ngắn hạn"
"chart13812","Shortage of assets awaiting resolution - long term","13812","asset_receivable","True","Tài sản thiếu chờ xử lý - dài hạn"
"chart13831","Special consumption tax of imported goods - short term","13831","asset_receivable","True","Thuế TTĐB của hàng nhập khẩu - ngắn hạn"
"chart13832","Special consumption tax of imported goods - long term","13832","asset_receivable","True","Thuế TTĐB của hàng nhập khẩu - dài hạn"
<<<<<<< HEAD
<<<<<<< HEAD
<<<<<<< HEAD
<<<<<<< HEAD
<<<<<<< HEAD
<<<<<<< HEAD
<<<<<<< HEAD
<<<<<<< HEAD
<<<<<<< HEAD
<<<<<<< HEAD
<<<<<<< HEAD
<<<<<<< HEAD
<<<<<<< HEAD
<<<<<<< HEAD
<<<<<<< HEAD
<<<<<<< HEAD
<<<<<<< HEAD
<<<<<<< HEAD
<<<<<<< HEAD
<<<<<<< HEAD
<<<<<<< HEAD
<<<<<<< HEAD
<<<<<<< HEAD
<<<<<<< HEAD
<<<<<<< HEAD
<<<<<<< HEAD
<<<<<<< HEAD
<<<<<<< HEAD
<<<<<<< HEAD
<<<<<<< HEAD
<<<<<<< HEAD
<<<<<<< HEAD
>>>>>>> upstream/18.0
=======
>>>>>>> upstream/18.0
=======
>>>>>>> upstream/18.0
=======
>>>>>>> upstream/18.0
=======
>>>>>>> upstream/18.0
=======
>>>>>>> upstream/18.0
=======
>>>>>>> upstream/18.0
=======
>>>>>>> upstream/18.0
=======
>>>>>>> upstream/18.0
=======
>>>>>>> upstream/18.0
=======
>>>>>>> upstream/18.0
=======
>>>>>>> upstream/18.0
=======
>>>>>>> upstream/18.0
=======
>>>>>>> upstream/18.0
=======
>>>>>>> upstream/18.0
=======
>>>>>>> upstream/18.0
=======
>>>>>>> upstream/18.0
=======
>>>>>>> upstream/18.0
=======
>>>>>>> upstream/18.0
=======
>>>>>>> upstream/18.0
=======
>>>>>>> upstream/18.0
=======
>>>>>>> upstream/18.0
=======
>>>>>>> upstream/18.0
=======
>>>>>>> upstream/18.0
=======
>>>>>>> upstream/18.0
=======
>>>>>>> upstream/18.0
=======
>>>>>>> upstream/18.0
=======
>>>>>>> upstream/18.0
=======
>>>>>>> upstream/18.0
=======
>>>>>>> upstream/18.0
=======
>>>>>>> upstream/18.0
=======
>>>>>>> upstream/18.0
=======
>>>>>>> upstream/18.0
"chart13881","Other receivables - short term","13881","asset_receivable","True","Phải thu khác - ngắn hạn"
"chart13882","Other receivables - long term","13882","asset_receivable","True","Phải thu khác - dài hạn"
"chart1411","Advances - short term","1411","asset_receivable","True","Tạm ứng - ngắn hạn"
"chart1412","Advances - long term","1412","asset_receivable","True","Tạm ứng - dài hạn"
<<<<<<< HEAD
<<<<<<< HEAD
<<<<<<< HEAD
<<<<<<< HEAD
<<<<<<< HEAD
<<<<<<< HEAD
<<<<<<< HEAD
<<<<<<< HEAD
<<<<<<< HEAD
<<<<<<< HEAD
<<<<<<< HEAD
<<<<<<< HEAD
<<<<<<< HEAD
<<<<<<< HEAD
<<<<<<< HEAD
<<<<<<< HEAD
<<<<<<< HEAD
<<<<<<< HEAD
<<<<<<< HEAD
<<<<<<< HEAD
<<<<<<< HEAD
<<<<<<< HEAD
<<<<<<< HEAD
<<<<<<< HEAD
<<<<<<< HEAD
<<<<<<< HEAD
<<<<<<< HEAD
<<<<<<< HEAD
<<<<<<< HEAD
<<<<<<< HEAD
<<<<<<< HEAD
<<<<<<< HEAD
<<<<<<< HEAD
<<<<<<< HEAD
<<<<<<< HEAD
<<<<<<< HEAD
<<<<<<< HEAD
<<<<<<< HEAD
<<<<<<< HEAD
<<<<<<< HEAD
<<<<<<< HEAD
<<<<<<< HEAD
<<<<<<< HEAD
<<<<<<< HEAD
<<<<<<< HEAD
<<<<<<< HEAD
<<<<<<< HEAD
<<<<<<< HEAD
<<<<<<< HEAD
<<<<<<< HEAD
<<<<<<< HEAD
<<<<<<< HEAD
<<<<<<< HEAD
<<<<<<< HEAD
<<<<<<< HEAD
<<<<<<< HEAD
<<<<<<< HEAD
<<<<<<< HEAD
<<<<<<< HEAD
<<<<<<< HEAD
<<<<<<< HEAD
<<<<<<< HEAD
<<<<<<< HEAD
<<<<<<< HEAD
<<<<<<< HEAD
<<<<<<< HEAD
<<<<<<< HEAD
<<<<<<< HEAD
<<<<<<< HEAD
<<<<<<< HEAD
<<<<<<< HEAD
<<<<<<< HEAD
<<<<<<< HEAD
<<<<<<< HEAD
<<<<<<< HEAD
<<<<<<< HEAD
<<<<<<< HEAD
<<<<<<< HEAD
<<<<<<< HEAD
<<<<<<< HEAD
<<<<<<< HEAD
<<<<<<< HEAD
<<<<<<< HEAD
<<<<<<< HEAD
<<<<<<< HEAD
<<<<<<< HEAD
<<<<<<< HEAD
<<<<<<< HEAD
<<<<<<< HEAD
<<<<<<< HEAD
<<<<<<< HEAD
<<<<<<< HEAD
<<<<<<< HEAD
<<<<<<< HEAD
<<<<<<< HEAD
<<<<<<< HEAD
<<<<<<< HEAD
<<<<<<< HEAD
<<<<<<< HEAD
<<<<<<< HEAD
<<<<<<< HEAD
<<<<<<< HEAD
<<<<<<< HEAD
<<<<<<< HEAD
<<<<<<< HEAD
<<<<<<< HEAD
<<<<<<< HEAD
<<<<<<< HEAD
<<<<<<< HEAD
<<<<<<< HEAD
<<<<<<< HEAD
<<<<<<< HEAD
<<<<<<< HEAD
<<<<<<< HEAD
<<<<<<< HEAD
<<<<<<< HEAD
<<<<<<< HEAD
<<<<<<< HEAD
<<<<<<< HEAD
<<<<<<< HEAD
<<<<<<< HEAD
<<<<<<< HEAD
<<<<<<< HEAD
<<<<<<< HEAD
<<<<<<< HEAD
<<<<<<< HEAD
<<<<<<< HEAD
<<<<<<< HEAD
<<<<<<< HEAD
<<<<<<< HEAD
<<<<<<< HEAD
<<<<<<< HEAD
<<<<<<< HEAD
<<<<<<< HEAD
<<<<<<< HEAD
<<<<<<< HEAD
<<<<<<< HEAD
<<<<<<< HEAD
<<<<<<< HEAD
<<<<<<< HEAD
<<<<<<< HEAD
<<<<<<< HEAD
<<<<<<< HEAD
<<<<<<< HEAD
<<<<<<< HEAD
<<<<<<< HEAD
<<<<<<< HEAD
<<<<<<< HEAD
<<<<<<< HEAD
<<<<<<< HEAD
<<<<<<< HEAD
>>>>>>> upstream/18.0
=======
>>>>>>> upstream/18.0
=======
>>>>>>> upstream/18.0
=======
>>>>>>> upstream/18.0
=======
>>>>>>> upstream/18.0
=======
>>>>>>> upstream/18.0
=======
>>>>>>> upstream/18.0
=======
>>>>>>> upstream/18.0
=======
>>>>>>> upstream/18.0
=======
>>>>>>> upstream/18.0
=======
>>>>>>> upstream/18.0
=======
>>>>>>> upstream/18.0
=======
>>>>>>> upstream/18.0
=======
>>>>>>> upstream/18.0
=======
>>>>>>> upstream/18.0
=======
>>>>>>> upstream/18.0
=======
>>>>>>> upstream/18.0
=======
>>>>>>> upstream/18.0
=======
>>>>>>> upstream/18.0
=======
>>>>>>> upstream/18.0
=======
>>>>>>> upstream/18.0
=======
>>>>>>> upstream/18.0
=======
>>>>>>> upstream/18.0
=======
>>>>>>> upstream/18.0
=======
>>>>>>> upstream/18.0
=======
>>>>>>> upstream/18.0
=======
>>>>>>> upstream/18.0
=======
>>>>>>> upstream/18.0
=======
>>>>>>> upstream/18.0
=======
>>>>>>> upstream/18.0
=======
>>>>>>> upstream/18.0
=======
>>>>>>> upstream/18.0
=======
>>>>>>> upstream/18.0
=======
>>>>>>> upstream/18.0
=======
>>>>>>> upstream/18.0
=======
>>>>>>> upstream/18.0
=======
>>>>>>> upstream/18.0
=======
>>>>>>> upstream/18.0
=======
>>>>>>> upstream/18.0
=======
>>>>>>> upstream/18.0
=======
>>>>>>> upstream/18.0
=======
>>>>>>> upstream/18.0
=======
>>>>>>> upstream/18.0
=======
>>>>>>> upstream/18.0
=======
>>>>>>> upstream/18.0
=======
>>>>>>> upstream/18.0
=======
>>>>>>> upstream/18.0
=======
>>>>>>> upstream/18.0
=======
>>>>>>> upstream/18.0
=======
>>>>>>> upstream/18.0
=======
>>>>>>> upstream/18.0
=======
>>>>>>> upstream/18.0
=======
>>>>>>> upstream/18.0
=======
>>>>>>> upstream/18.0
=======
>>>>>>> upstream/18.0
=======
>>>>>>> upstream/18.0
=======
>>>>>>> upstream/18.0
=======
>>>>>>> upstream/18.0
=======
>>>>>>> upstream/18.0
=======
>>>>>>> upstream/18.0
=======
>>>>>>> upstream/18.0
=======
>>>>>>> upstream/18.0
=======
>>>>>>> upstream/18.0
=======
>>>>>>> upstream/18.0
=======
>>>>>>> upstream/18.0
=======
>>>>>>> upstream/18.0
=======
>>>>>>> upstream/18.0
=======
>>>>>>> upstream/18.0
=======
>>>>>>> upstream/18.0
=======
>>>>>>> upstream/18.0
=======
>>>>>>> upstream/18.0
=======
>>>>>>> upstream/18.0
=======
>>>>>>> upstream/18.0
=======
>>>>>>> upstream/18.0
=======
>>>>>>> upstream/18.0
=======
>>>>>>> upstream/18.0
=======
>>>>>>> upstream/18.0
=======
>>>>>>> upstream/18.0
=======
>>>>>>> upstream/18.0
=======
>>>>>>> upstream/18.0
=======
>>>>>>> upstream/18.0
=======
>>>>>>> upstream/18.0
=======
>>>>>>> upstream/18.0
=======
>>>>>>> upstream/18.0
=======
>>>>>>> upstream/18.0
=======
>>>>>>> upstream/18.0
=======
>>>>>>> upstream/18.0
=======
>>>>>>> upstream/18.0
=======
>>>>>>> upstream/18.0
=======
>>>>>>> upstream/18.0
=======
>>>>>>> upstream/18.0
=======
>>>>>>> upstream/18.0
=======
>>>>>>> upstream/18.0
=======
>>>>>>> upstream/18.0
=======
>>>>>>> upstream/18.0
=======
>>>>>>> upstream/18.0
=======
>>>>>>> upstream/18.0
=======
>>>>>>> upstream/18.0
=======
>>>>>>> upstream/18.0
=======
>>>>>>> upstream/18.0
=======
>>>>>>> upstream/18.0
=======
>>>>>>> upstream/18.0
=======
>>>>>>> upstream/18.0
=======
>>>>>>> upstream/18.0
=======
>>>>>>> upstream/18.0
=======
>>>>>>> upstream/18.0
=======
>>>>>>> upstream/18.0
=======
>>>>>>> upstream/18.0
=======
>>>>>>> upstream/18.0
=======
>>>>>>> upstream/18.0
=======
>>>>>>> upstream/18.0
=======
>>>>>>> upstream/18.0
=======
>>>>>>> upstream/18.0
=======
>>>>>>> upstream/18.0
=======
>>>>>>> upstream/18.0
=======
>>>>>>> upstream/18.0
=======
>>>>>>> upstream/18.0
=======
>>>>>>> upstream/18.0
=======
>>>>>>> upstream/18.0
"chart151","Goods in transit","151","asset_current","False","Hàng mua đang đi đường"
"chart152","Raw materials","152","asset_current","False","Nguyên liệu, vật liệu"
"chart1531","Tools & supplies","1531","asset_current","False","Công cụ, dụng cụ"
"chart1532","Packaging rotation","1532","asset_current","False","Bao bì luân chuyển"
"chart1533","Instruments for rent","1533","asset_current","False","Đồ dùng cho thuê"
"chart1534","Equipment & spare parts","1534","asset_current","False","Thiết bị, phụ tùng thay thế"
"chart1541","Construction contracts","1541","asset_current","False","Xây lắp"
"chart1542","Other work-in-progress products","1542","asset_current","False","Sản phẩm khác"
"chart1543","Services","1543","asset_current","False","Dịch vụ"
"chart1544","Warranty costs","1544","asset_current","False","Chi phí bảo hành xây lắp"
"chart1551","Finished goods - inventory","1551","asset_current","False","Thành phẩm nhập kho"
"chart1557","Finished goods - real estates","1557","asset_current","False","Thành phẩm bất động sản"
"chart1561","Purchase costs","1561","asset_current","False","Giá mua hàng hóa"
"chart1562","Incidental expense","1562","asset_current","False","Chi phí thu mua hàng hoá"
"chart1567","Property Inventories","1567","asset_current","False","Hàng hóa bất động sản"
"chart157","Outward goods on consignment","157","asset_current","False","Hàng gửi đi bán"
"chart158","Goods in bonded warehouse","158","asset_current","False","Hàng hóa kho bảo thuế"
"chart1611","Previous years expenditure","1611","asset_current","False","Chi sự nghiệp năm trước"
"chart1612","Current year expenditure","1612","asset_current","False","Chi sự nghiệp năm nay"
"chart171","Government bonds purchase-resale","171","asset_current","False","Giao dịch mua bán lại trái phiếu chính phủ"
"chart2111","Buildings & structures","2111","asset_non_current","False","Nhà cửa, vật kiến trúc"
"chart2112","Machinery & equipment","2112","asset_non_current","False","Máy móc, thiết bị"
"chart2113","Transportation & transmission vehicles","2113","asset_non_current","False","Phương tiện vận tải, truyền dẫn"
"chart2114","Office equipment and furniture","2114","asset_non_current","False","Thiết bị, dụng cụ quản lý"
"chart2115","Perennial plants, working and producing animals","2115","asset_non_current","False","Cây lâu năm, súc vật làm việc và cho sản phẩm"
"chart2118","Other tangible fixed assets","2118","asset_non_current","False","Tài sản cố định khác"
"chart2121","Financial leased tangible fixed assets","2121","asset_non_current","False","TSCĐ hữu hình thuê tài chính"
"chart2122","Financial leased intangible fixed assets","2122","asset_non_current","False","TSCĐ vô hình thuê tài chính"
"chart2131","Land use rights","2131","asset_non_current","False","Quyền sử dụng đất"
"chart2132","Copyrights","2132","asset_non_current","False","Quyền phát hành"
"chart2133","Patents","2133","asset_non_current","False","Bản quyền, bằng sáng chế"
"chart2134","Trademarks and brand name","2134","asset_non_current","False","Nhãn hiệu, tên thương mại"
"chart2135","Computer software","2135","asset_non_current","False","Chương trình phần mềm"
"chart2136","Licenses & franchises","2136","asset_non_current","False","Giấy phép và giấy phép nhượng quyền"
"chart2138","Other intangible fixed assets","2138","asset_non_current","False","TSCĐ vô hình khác"
=======
=======
>>>>>>> upstream/18.0
=======
>>>>>>> upstream/18.0
=======
>>>>>>> upstream/18.0
=======
>>>>>>> upstream/18.0
=======
>>>>>>> upstream/18.0
=======
>>>>>>> upstream/18.0
=======
>>>>>>> upstream/18.0
=======
>>>>>>> upstream/18.0
=======
>>>>>>> upstream/18.0
=======
>>>>>>> upstream/18.0
=======
>>>>>>> upstream/18.0
=======
>>>>>>> upstream/18.0
=======
>>>>>>> upstream/18.0
=======
>>>>>>> upstream/18.0
=======
>>>>>>> upstream/18.0
=======
>>>>>>> upstream/18.0
=======
>>>>>>> upstream/18.0
=======
>>>>>>> upstream/18.0
=======
>>>>>>> upstream/18.0
=======
>>>>>>> upstream/18.0
=======
>>>>>>> upstream/18.0
=======
>>>>>>> upstream/18.0
=======
>>>>>>> upstream/18.0
=======
>>>>>>> upstream/18.0
=======
>>>>>>> upstream/18.0
=======
>>>>>>> upstream/18.0
=======
>>>>>>> upstream/18.0
=======
>>>>>>> upstream/18.0
=======
>>>>>>> upstream/18.0
=======
>>>>>>> upstream/18.0
=======
>>>>>>> upstream/18.0
=======
>>>>>>> upstream/18.0
"chart151","Goods in transit","151","asset_current","False","Hàng mua đang đi đường"
"chart152","Raw materials","152","asset_current","False","Nguyên liệu, vật liệu"
"chart1531","Tools & supplies - Short term","1531","asset_current","False","Công cụ, dụng cụ - ngắn hạn"
"chart1532","Tools & supplies - Long term","1532","asset_current","False","Công cụ, dụng cụ - Dài hạn"
"chart1541","Work in Progress - Short term","1541","asset_current","False","Chi phí sản xuất, kinh doanh dở dang - ngắn hạn"
"chart1542","Work in Progress - Long term","1542","asset_current","False","Chi phí sản xuất, kinh doanh dở dang - Dài hạn"
"chart1551","Finished Goods","155","asset_current","False","Sản phẩm"
"chart1561","Goods","156","asset_current","False","Hàng hoá"
"chart157","Outward goods on consignment","157","asset_current","False","Hàng gửi đi bán"
"chart158","Goods in bonded warehouse","158","asset_current","False","Hàng hóa kho bảo thuế"
"chart171","Government bonds purchase-resale","171","asset_current","False","Giao dịch mua bán lại trái phiếu chính phủ"
"chart2111","Tangible fixed assets","211","asset_fixed","False","Tài sản cố định hữu hình"
"chart2121","Financial leased tangible fixed assets","212","asset_fixed","False","Tài sản cố định thuê tài chính"
"chart2131","Intangible fixed assets","213","asset_fixed","False","Tài sản cố định vô hình"
<<<<<<< HEAD
<<<<<<< HEAD
<<<<<<< HEAD
<<<<<<< HEAD
<<<<<<< HEAD
<<<<<<< HEAD
<<<<<<< HEAD
<<<<<<< HEAD
<<<<<<< HEAD
<<<<<<< HEAD
<<<<<<< HEAD
<<<<<<< HEAD
<<<<<<< HEAD
<<<<<<< HEAD
<<<<<<< HEAD
<<<<<<< HEAD
<<<<<<< HEAD
<<<<<<< HEAD
<<<<<<< HEAD
<<<<<<< HEAD
<<<<<<< HEAD
<<<<<<< HEAD
<<<<<<< HEAD
<<<<<<< HEAD
<<<<<<< HEAD
<<<<<<< HEAD
<<<<<<< HEAD
<<<<<<< HEAD
<<<<<<< HEAD
<<<<<<< HEAD
<<<<<<< HEAD
<<<<<<< HEAD
>>>>>>> upstream/18.0
=======
>>>>>>> upstream/18.0
=======
>>>>>>> upstream/18.0
=======
>>>>>>> upstream/18.0
=======
>>>>>>> upstream/18.0
=======
>>>>>>> upstream/18.0
=======
>>>>>>> upstream/18.0
=======
>>>>>>> upstream/18.0
=======
>>>>>>> upstream/18.0
=======
>>>>>>> upstream/18.0
=======
>>>>>>> upstream/18.0
=======
>>>>>>> upstream/18.0
=======
>>>>>>> upstream/18.0
=======
>>>>>>> upstream/18.0
=======
>>>>>>> upstream/18.0
=======
>>>>>>> upstream/18.0
=======
>>>>>>> upstream/18.0
=======
>>>>>>> upstream/18.0
=======
>>>>>>> upstream/18.0
=======
>>>>>>> upstream/18.0
=======
>>>>>>> upstream/18.0
=======
>>>>>>> upstream/18.0
=======
>>>>>>> upstream/18.0
=======
>>>>>>> upstream/18.0
=======
>>>>>>> upstream/18.0
=======
>>>>>>> upstream/18.0
=======
>>>>>>> upstream/18.0
=======
>>>>>>> upstream/18.0
=======
>>>>>>> upstream/18.0
=======
>>>>>>> upstream/18.0
=======
>>>>>>> upstream/18.0
=======
>>>>>>> upstream/18.0
=======
>>>>>>> upstream/18.0
"chart2141","Depreciation of tangible fixed assets","2141","asset_non_current","False","Hao mòn TSCĐ hữu hình"
"chart2142","Depreciation of financial leased assets","2142","asset_non_current","False","Hao mòn TSCĐ thuê tài chính"
"chart2143","Depreciation of intangible fixed assets","2143","asset_non_current","False","Hao mòn TSCĐ vô hình"
"chart2147","Depreciation of investment properties","2147","asset_non_current","False","Hao mòn bất động sản đầu tư"
<<<<<<< HEAD
<<<<<<< HEAD
<<<<<<< HEAD
<<<<<<< HEAD
<<<<<<< HEAD
<<<<<<< HEAD
<<<<<<< HEAD
<<<<<<< HEAD
<<<<<<< HEAD
<<<<<<< HEAD
<<<<<<< HEAD
<<<<<<< HEAD
<<<<<<< HEAD
<<<<<<< HEAD
<<<<<<< HEAD
<<<<<<< HEAD
<<<<<<< HEAD
<<<<<<< HEAD
<<<<<<< HEAD
<<<<<<< HEAD
<<<<<<< HEAD
<<<<<<< HEAD
<<<<<<< HEAD
<<<<<<< HEAD
<<<<<<< HEAD
<<<<<<< HEAD
<<<<<<< HEAD
<<<<<<< HEAD
<<<<<<< HEAD
<<<<<<< HEAD
<<<<<<< HEAD
<<<<<<< HEAD
<<<<<<< HEAD
"chart217","Investment properties","217","asset_non_current","False","Bất động sản đầu tư"
"chart221","Investment in subsidiaries","221","asset_non_current","False","Đầu tư vào công ty con"
"chart222","Investment in joint ventures and associates","222","asset_non_current","False","Đầu tư vào công ty liên doanh, liên kết"
"chart2281","Equity investments in other entities","2281","asset_non_current","False","Đầu tư góp vốn vào đơn vị khác"
"chart2288","Other investment","2288","asset_non_current","False","Đầu tư khác"
<<<<<<< HEAD
<<<<<<< HEAD
<<<<<<< HEAD
<<<<<<< HEAD
<<<<<<< HEAD
<<<<<<< HEAD
<<<<<<< HEAD
<<<<<<< HEAD
<<<<<<< HEAD
<<<<<<< HEAD
<<<<<<< HEAD
<<<<<<< HEAD
<<<<<<< HEAD
<<<<<<< HEAD
<<<<<<< HEAD
<<<<<<< HEAD
<<<<<<< HEAD
<<<<<<< HEAD
<<<<<<< HEAD
<<<<<<< HEAD
<<<<<<< HEAD
<<<<<<< HEAD
<<<<<<< HEAD
<<<<<<< HEAD
<<<<<<< HEAD
<<<<<<< HEAD
<<<<<<< HEAD
<<<<<<< HEAD
<<<<<<< HEAD
<<<<<<< HEAD
<<<<<<< HEAD
<<<<<<< HEAD
<<<<<<< HEAD
<<<<<<< HEAD
<<<<<<< HEAD
<<<<<<< HEAD
<<<<<<< HEAD
<<<<<<< HEAD
<<<<<<< HEAD
<<<<<<< HEAD
<<<<<<< HEAD
<<<<<<< HEAD
<<<<<<< HEAD
<<<<<<< HEAD
<<<<<<< HEAD
<<<<<<< HEAD
<<<<<<< HEAD
<<<<<<< HEAD
<<<<<<< HEAD
<<<<<<< HEAD
<<<<<<< HEAD
<<<<<<< HEAD
<<<<<<< HEAD
<<<<<<< HEAD
<<<<<<< HEAD
<<<<<<< HEAD
<<<<<<< HEAD
<<<<<<< HEAD
<<<<<<< HEAD
<<<<<<< HEAD
<<<<<<< HEAD
<<<<<<< HEAD
<<<<<<< HEAD
<<<<<<< HEAD
<<<<<<< HEAD
<<<<<<< HEAD
<<<<<<< HEAD
<<<<<<< HEAD
<<<<<<< HEAD
<<<<<<< HEAD
<<<<<<< HEAD
<<<<<<< HEAD
<<<<<<< HEAD
<<<<<<< HEAD
<<<<<<< HEAD
<<<<<<< HEAD
<<<<<<< HEAD
<<<<<<< HEAD
<<<<<<< HEAD
<<<<<<< HEAD
<<<<<<< HEAD
<<<<<<< HEAD
<<<<<<< HEAD
<<<<<<< HEAD
<<<<<<< HEAD
<<<<<<< HEAD
<<<<<<< HEAD
<<<<<<< HEAD
<<<<<<< HEAD
<<<<<<< HEAD
<<<<<<< HEAD
<<<<<<< HEAD
<<<<<<< HEAD
<<<<<<< HEAD
<<<<<<< HEAD
<<<<<<< HEAD
<<<<<<< HEAD
<<<<<<< HEAD
<<<<<<< HEAD
<<<<<<< HEAD
<<<<<<< HEAD
<<<<<<< HEAD
<<<<<<< HEAD
<<<<<<< HEAD
<<<<<<< HEAD
<<<<<<< HEAD
<<<<<<< HEAD
<<<<<<< HEAD
<<<<<<< HEAD
<<<<<<< HEAD
<<<<<<< HEAD
<<<<<<< HEAD
<<<<<<< HEAD
<<<<<<< HEAD
<<<<<<< HEAD
<<<<<<< HEAD
<<<<<<< HEAD
<<<<<<< HEAD
<<<<<<< HEAD
"chart2291","Provision for decline in value of trading securities","2291","asset_non_current","False","Dự phòng giảm giá chứng khoán kinh doanh"
"chart2292","Provision for investment loss in other entities","2292","asset_non_current","False","Dự phòng tổn thất đầu tư vào đơn vị khác"
"chart2293","Provision for doubtful debts","2293","asset_non_current","False","Dự phòng phải thu khó đòi"
"chart2294","Provision for reserve inventories","2294","asset_non_current","False","Dự phòng giảm giá hàng tồn kho"
"chart2411","Acquisition of fixed assets","2411","asset_non_current","False","Mua sắm TSCĐ"
"chart2412","Construction in progress","2412","asset_non_current","False","Xây dựng cơ bản"
"chart2413","Major repairs of fixed assets","2413","asset_non_current","False","Sửa chữa lớn TSCĐ"
"chart242","Prepaid expenses","242","asset_prepayments","False","Chi phí trả trước"
"chart243","Deferred tax assets","243","asset_non_current","False","Tài sản thuế thu nhập hoãn lại"
"chart244","Mortgage, collaterals and deposits","244","asset_non_current","False","Cầm cố, thế chấp, ký quỹ, ký cược"
"chart331","Trade payables","331","liability_payable","True","Phải trả cho người bán"
=======
=======
>>>>>>> upstream/18.0
=======
>>>>>>> upstream/18.0
=======
>>>>>>> upstream/18.0
=======
>>>>>>> upstream/18.0
=======
>>>>>>> upstream/18.0
=======
>>>>>>> upstream/18.0
=======
>>>>>>> upstream/18.0
=======
>>>>>>> upstream/18.0
=======
>>>>>>> upstream/18.0
=======
>>>>>>> upstream/18.0
=======
>>>>>>> upstream/18.0
=======
>>>>>>> upstream/18.0
=======
>>>>>>> upstream/18.0
=======
>>>>>>> upstream/18.0
=======
>>>>>>> upstream/18.0
=======
>>>>>>> upstream/18.0
=======
>>>>>>> upstream/18.0
=======
>>>>>>> upstream/18.0
=======
>>>>>>> upstream/18.0
=======
>>>>>>> upstream/18.0
=======
>>>>>>> upstream/18.0
=======
>>>>>>> upstream/18.0
=======
>>>>>>> upstream/18.0
=======
>>>>>>> upstream/18.0
=======
>>>>>>> upstream/18.0
=======
>>>>>>> upstream/18.0
=======
>>>>>>> upstream/18.0
=======
>>>>>>> upstream/18.0
=======
>>>>>>> upstream/18.0
=======
>>>>>>> upstream/18.0
=======
>>>>>>> upstream/18.0
=======
>>>>>>> upstream/18.0
=======
>>>>>>> upstream/18.0
=======
>>>>>>> upstream/18.0
=======
>>>>>>> upstream/18.0
=======
>>>>>>> upstream/18.0
=======
>>>>>>> upstream/18.0
=======
>>>>>>> upstream/18.0
=======
>>>>>>> upstream/18.0
=======
>>>>>>> upstream/18.0
=======
>>>>>>> upstream/18.0
=======
>>>>>>> upstream/18.0
=======
>>>>>>> upstream/18.0
=======
>>>>>>> upstream/18.0
=======
>>>>>>> upstream/18.0
=======
>>>>>>> upstream/18.0
=======
>>>>>>> upstream/18.0
=======
>>>>>>> upstream/18.0
=======
>>>>>>> upstream/18.0
=======
>>>>>>> upstream/18.0
=======
>>>>>>> upstream/18.0
=======
>>>>>>> upstream/18.0
=======
>>>>>>> upstream/18.0
=======
>>>>>>> upstream/18.0
=======
>>>>>>> upstream/18.0
=======
>>>>>>> upstream/18.0
=======
>>>>>>> upstream/18.0
=======
>>>>>>> upstream/18.0
=======
>>>>>>> upstream/18.0
=======
>>>>>>> upstream/18.0
=======
>>>>>>> upstream/18.0
=======
>>>>>>> upstream/18.0
=======
>>>>>>> upstream/18.0
=======
>>>>>>> upstream/18.0
=======
>>>>>>> upstream/18.0
=======
>>>>>>> upstream/18.0
=======
>>>>>>> upstream/18.0
=======
>>>>>>> upstream/18.0
=======
>>>>>>> upstream/18.0
=======
>>>>>>> upstream/18.0
=======
>>>>>>> upstream/18.0
=======
>>>>>>> upstream/18.0
=======
>>>>>>> upstream/18.0
=======
>>>>>>> upstream/18.0
=======
>>>>>>> upstream/18.0
=======
>>>>>>> upstream/18.0
=======
>>>>>>> upstream/18.0
=======
>>>>>>> upstream/18.0
=======
>>>>>>> upstream/18.0
=======
>>>>>>> upstream/18.0
=======
>>>>>>> upstream/18.0
=======
>>>>>>> upstream/18.0
=======
>>>>>>> upstream/18.0
=======
>>>>>>> upstream/18.0
=======
>>>>>>> upstream/18.0
=======
>>>>>>> upstream/18.0
=======
>>>>>>> upstream/18.0
=======
>>>>>>> upstream/18.0
=======
>>>>>>> upstream/18.0
=======
>>>>>>> upstream/18.0
=======
>>>>>>> upstream/18.0
=======
>>>>>>> upstream/18.0
=======
>>>>>>> upstream/18.0
=======
>>>>>>> upstream/18.0
=======
>>>>>>> upstream/18.0
=======
>>>>>>> upstream/18.0
=======
>>>>>>> upstream/18.0
=======
>>>>>>> upstream/18.0
=======
>>>>>>> upstream/18.0
=======
>>>>>>> upstream/18.0
=======
>>>>>>> upstream/18.0
=======
>>>>>>> upstream/18.0
=======
>>>>>>> upstream/18.0
=======
>>>>>>> upstream/18.0
=======
>>>>>>> upstream/18.0
=======
>>>>>>> upstream/18.0
=======
>>>>>>> upstream/18.0
=======
>>>>>>> upstream/18.0
=======
>>>>>>> upstream/18.0
=======
>>>>>>> upstream/18.0
=======
>>>>>>> upstream/18.0
=======
>>>>>>> upstream/18.0
=======
>>>>>>> upstream/18.0
=======
>>>>>>> upstream/18.0
=======
>>>>>>> upstream/18.0
=======
>>>>>>> upstream/18.0
=======
>>>>>>> upstream/18.0
=======
>>>>>>> upstream/18.0
"chart22881","Other investment - short term","22881","asset_non_current","False","Đầu tư khác - ngắn hạn"
"chart22882","Other investment - long term","22882","asset_non_current","False","Đầu tư khác - dài hạn"
"chart2291","Provision for decline in value of trading securities","2291","asset_non_current","False","Dự phòng giảm giá chứng khoán kinh doanh"
"chart2292","Provision for investment loss in other entities","2292","asset_non_current","False","Dự phòng tổn thất đầu tư vào đơn vị khác"
"chart2293","Provision for doubtful debts","2293","asset_non_current","False","Dự phòng phải thu khó đòi"
=======
=======
>>>>>>> upstream/18.0
=======
>>>>>>> upstream/18.0
=======
>>>>>>> upstream/18.0
=======
>>>>>>> upstream/18.0
=======
>>>>>>> upstream/18.0
=======
>>>>>>> upstream/18.0
=======
>>>>>>> upstream/18.0
=======
>>>>>>> upstream/18.0
=======
>>>>>>> upstream/18.0
=======
>>>>>>> upstream/18.0
=======
>>>>>>> upstream/18.0
=======
>>>>>>> upstream/18.0
=======
>>>>>>> upstream/18.0
=======
>>>>>>> upstream/18.0
=======
>>>>>>> upstream/18.0
=======
>>>>>>> upstream/18.0
=======
>>>>>>> upstream/18.0
=======
>>>>>>> upstream/18.0
=======
>>>>>>> upstream/18.0
=======
>>>>>>> upstream/18.0
=======
>>>>>>> upstream/18.0
=======
>>>>>>> upstream/18.0
=======
>>>>>>> upstream/18.0
=======
>>>>>>> upstream/18.0
=======
>>>>>>> upstream/18.0
=======
>>>>>>> upstream/18.0
=======
>>>>>>> upstream/18.0
=======
>>>>>>> upstream/18.0
=======
>>>>>>> upstream/18.0
=======
>>>>>>> upstream/18.0
=======
>>>>>>> upstream/18.0
=======
>>>>>>> upstream/18.0
"chart21511","Livestock for periodic production that have not yet reached maturity","21511","asset_non_current","False","Súc vật nuôi cho sản phẩm định kỳ chưa đạt đến giai đoạn trưởng thành"
"chart215121","Original price","215121","asset_non_current","False","Nguyên giá"
"chart215122","Accumulated Depreciation","215122","asset_non_current","False","Giá trị khấu hao luỹ kế"
"chart21521","Livestock that produces one-time products - Short term","21521","asset_non_current","False","Súc vật nuôi lấy sản phẩm một lần - Ngắn hạn"
"chart21522","Livestock that produces one-time products - Long term","21522","asset_non_current","False","Súc vật nuôi lấy sản phẩm một lần - Dài hạn"
"chart21531","Seasonal or one-time crop - Short term","21531","asset_non_current","False","Cây trồng theo mùa vụ hoặc lấy sản phẩm một lần - Ngắn hạn"
"chart21532","Seasonal or one-time crop - Long term","21532","asset_non_current","False","Cây trồng theo mùa vụ hoặc lấy sản phẩm một lần - Dài hạn"
"chart217","Investment properties","217","asset_non_current","False","Bất động sản đầu tư"
"chart221","Investment in subsidiaries","221","asset_non_current","False","Đầu tư vào công ty con"
"chart222","Investment in joint ventures and associates","222","asset_non_current","False","Đầu tư vào công ty liên doanh, liên kết"
"chart2281","Equity investments in other entities - short term","22811","asset_non_current","False","Đầu tư góp vốn vào đơn vị khác - ngắn hạn"
"chart22812","Equity investments in other entities - long term","22812","asset_non_current","False","Đầu tư góp vốn vào đơn vị khác - dài hạn"
"chart22881","Other investment - short term","22881","asset_non_current","False","Đầu tư khác - ngắn hạn"
"chart22882","Other investment - long term","22882","asset_non_current","False","Đầu tư khác - dài hạn"
"chart2291","Provision for decline in value of trading securities","2291","asset_non_current","False","Dự phòng giảm giá chứng khoán kinh doanh"
"chart22921","Provision for investment loss in other entities - short term","22921","asset_non_current","False","Dự phòng tổn thất đầu tư vào đơn vị khác- ngắn hạn"
"chart22922","Provision for investment loss in BBC contracts - short term","22922","asset_non_current","False","Dự phòng tổn thất đầu tư vào hợp đồng BBC- ngắn hạn"
"chart22923","Provision for investment loss in other entities - long term","22923","asset_non_current","False","Dự phòng tổn thất đầu tư vào đơn vị khác- dài hạn"
"chart22924","Provision for investment loss in other entities held to maturity - long term","22924","asset_non_current","False","Dự phòng tổn thất đầu tư vào đơn vị khác nắm giữ đến ngày đáo hạn - dài hạn"
<<<<<<< HEAD
<<<<<<< HEAD
<<<<<<< HEAD
<<<<<<< HEAD
<<<<<<< HEAD
<<<<<<< HEAD
<<<<<<< HEAD
<<<<<<< HEAD
<<<<<<< HEAD
<<<<<<< HEAD
<<<<<<< HEAD
<<<<<<< HEAD
<<<<<<< HEAD
<<<<<<< HEAD
<<<<<<< HEAD
<<<<<<< HEAD
<<<<<<< HEAD
<<<<<<< HEAD
<<<<<<< HEAD
<<<<<<< HEAD
<<<<<<< HEAD
<<<<<<< HEAD
<<<<<<< HEAD
<<<<<<< HEAD
<<<<<<< HEAD
<<<<<<< HEAD
<<<<<<< HEAD
<<<<<<< HEAD
<<<<<<< HEAD
<<<<<<< HEAD
<<<<<<< HEAD
<<<<<<< HEAD
>>>>>>> upstream/18.0
=======
>>>>>>> upstream/18.0
=======
>>>>>>> upstream/18.0
=======
>>>>>>> upstream/18.0
=======
>>>>>>> upstream/18.0
=======
>>>>>>> upstream/18.0
=======
>>>>>>> upstream/18.0
=======
>>>>>>> upstream/18.0
=======
>>>>>>> upstream/18.0
=======
>>>>>>> upstream/18.0
=======
>>>>>>> upstream/18.0
=======
>>>>>>> upstream/18.0
=======
>>>>>>> upstream/18.0
=======
>>>>>>> upstream/18.0
=======
>>>>>>> upstream/18.0
=======
>>>>>>> upstream/18.0
=======
>>>>>>> upstream/18.0
=======
>>>>>>> upstream/18.0
=======
>>>>>>> upstream/18.0
=======
>>>>>>> upstream/18.0
=======
>>>>>>> upstream/18.0
=======
>>>>>>> upstream/18.0
=======
>>>>>>> upstream/18.0
=======
>>>>>>> upstream/18.0
=======
>>>>>>> upstream/18.0
=======
>>>>>>> upstream/18.0
=======
>>>>>>> upstream/18.0
=======
>>>>>>> upstream/18.0
=======
>>>>>>> upstream/18.0
=======
>>>>>>> upstream/18.0
=======
>>>>>>> upstream/18.0
=======
>>>>>>> upstream/18.0
=======
>>>>>>> upstream/18.0
"chart22931","Provision for doubtful debts - short term","22931","asset_non_current","False","Dự phòng phải thu khó đòi - ngắn hạn"
"chart22932","Provision for doubtful debts - long term","22932","asset_non_current","False","Dự phòng phải thu khó đòi - dài hạn"
"chart22941","Provision for reserve inventories","22941","asset_non_current","False","Dự phòng giảm giá hàng tồn kho"
"chart22942","Provision for reserve inventories - long term work in progress","22942","asset_non_current","False","Dự phòng giảm giá hàng tồn kho- chi phí sản xuất, kinh doanh dở dang dài hạn"
"chart22943","Provision for reserve inventories (Equipment and Spare parts)","22943","asset_non_current","False","Dự phòng giảm giá hàng tồn kho- thiết bị, vật tư, phụ tùng thay thế dài hạn"
<<<<<<< HEAD
<<<<<<< HEAD
<<<<<<< HEAD
<<<<<<< HEAD
<<<<<<< HEAD
<<<<<<< HEAD
<<<<<<< HEAD
<<<<<<< HEAD
<<<<<<< HEAD
<<<<<<< HEAD
<<<<<<< HEAD
<<<<<<< HEAD
<<<<<<< HEAD
<<<<<<< HEAD
<<<<<<< HEAD
<<<<<<< HEAD
<<<<<<< HEAD
<<<<<<< HEAD
<<<<<<< HEAD
<<<<<<< HEAD
<<<<<<< HEAD
<<<<<<< HEAD
<<<<<<< HEAD
<<<<<<< HEAD
<<<<<<< HEAD
<<<<<<< HEAD
<<<<<<< HEAD
<<<<<<< HEAD
<<<<<<< HEAD
<<<<<<< HEAD
<<<<<<< HEAD
<<<<<<< HEAD
<<<<<<< HEAD
"chart2411","Acquisition of fixed assets","2411","asset_non_current","False","Mua sắm TSCĐ"
"chart2412","Construction in progress","2412","asset_non_current","False","Xây dựng cơ bản"
"chart2413","Major repairs of fixed assets","2413","asset_non_current","False","Sửa chữa lớn TSCĐ"
"chart2421","Prepaid expense - short term","2421","asset_prepayments","False","Chi phí trả trước - ngắn hạn"
"chart2422","Prepaid expense - long term","2422","asset_prepayments","False","Chi phí trả trước - dài hạn"
"chart243","Deferred tax assets","243","asset_non_current","False","Tài sản thuế thu nhập hoãn lại"
"chart2441","Mortgage, collaterals and deposits - short term","2441","asset_non_current","False","Cầm cố, thế chấp, ký quỹ , ký cược - ngắn hạn"
"chart2442","Mortgage, collaterals and deposits - long term","2442","asset_non_current","False","Cầm cố, thế chấp, ký quỹ , ký cược - dài hạn"
"chart3311","Trade payables - short term","3311","liability_payable","True","Phải trả cho người bán - ngắn hạn"
"chart3312","Trade payables - long term","3312","liability_payable","True","Phải trả cho người bán - dài hạn"
<<<<<<< HEAD
<<<<<<< HEAD
<<<<<<< HEAD
<<<<<<< HEAD
<<<<<<< HEAD
<<<<<<< HEAD
<<<<<<< HEAD
<<<<<<< HEAD
<<<<<<< HEAD
<<<<<<< HEAD
<<<<<<< HEAD
<<<<<<< HEAD
<<<<<<< HEAD
<<<<<<< HEAD
<<<<<<< HEAD
<<<<<<< HEAD
<<<<<<< HEAD
<<<<<<< HEAD
<<<<<<< HEAD
<<<<<<< HEAD
<<<<<<< HEAD
<<<<<<< HEAD
<<<<<<< HEAD
<<<<<<< HEAD
<<<<<<< HEAD
<<<<<<< HEAD
<<<<<<< HEAD
<<<<<<< HEAD
<<<<<<< HEAD
<<<<<<< HEAD
<<<<<<< HEAD
<<<<<<< HEAD
<<<<<<< HEAD
<<<<<<< HEAD
<<<<<<< HEAD
<<<<<<< HEAD
<<<<<<< HEAD
<<<<<<< HEAD
<<<<<<< HEAD
<<<<<<< HEAD
<<<<<<< HEAD
<<<<<<< HEAD
<<<<<<< HEAD
<<<<<<< HEAD
<<<<<<< HEAD
<<<<<<< HEAD
<<<<<<< HEAD
<<<<<<< HEAD
<<<<<<< HEAD
<<<<<<< HEAD
<<<<<<< HEAD
<<<<<<< HEAD
<<<<<<< HEAD
<<<<<<< HEAD
<<<<<<< HEAD
<<<<<<< HEAD
<<<<<<< HEAD
<<<<<<< HEAD
<<<<<<< HEAD
<<<<<<< HEAD
<<<<<<< HEAD
<<<<<<< HEAD
<<<<<<< HEAD
<<<<<<< HEAD
<<<<<<< HEAD
<<<<<<< HEAD
<<<<<<< HEAD
<<<<<<< HEAD
<<<<<<< HEAD
<<<<<<< HEAD
<<<<<<< HEAD
<<<<<<< HEAD
<<<<<<< HEAD
<<<<<<< HEAD
<<<<<<< HEAD
<<<<<<< HEAD
<<<<<<< HEAD
<<<<<<< HEAD
<<<<<<< HEAD
<<<<<<< HEAD
<<<<<<< HEAD
<<<<<<< HEAD
<<<<<<< HEAD
<<<<<<< HEAD
<<<<<<< HEAD
<<<<<<< HEAD
<<<<<<< HEAD
<<<<<<< HEAD
<<<<<<< HEAD
<<<<<<< HEAD
<<<<<<< HEAD
<<<<<<< HEAD
<<<<<<< HEAD
<<<<<<< HEAD
<<<<<<< HEAD
<<<<<<< HEAD
<<<<<<< HEAD
<<<<<<< HEAD
<<<<<<< HEAD
<<<<<<< HEAD
<<<<<<< HEAD
<<<<<<< HEAD
<<<<<<< HEAD
<<<<<<< HEAD
<<<<<<< HEAD
<<<<<<< HEAD
<<<<<<< HEAD
<<<<<<< HEAD
<<<<<<< HEAD
<<<<<<< HEAD
<<<<<<< HEAD
<<<<<<< HEAD
<<<<<<< HEAD
<<<<<<< HEAD
<<<<<<< HEAD
<<<<<<< HEAD
<<<<<<< HEAD
<<<<<<< HEAD
>>>>>>> upstream/18.0
=======
>>>>>>> upstream/18.0
=======
>>>>>>> upstream/18.0
=======
>>>>>>> upstream/18.0
=======
>>>>>>> upstream/18.0
=======
>>>>>>> upstream/18.0
=======
>>>>>>> upstream/18.0
=======
>>>>>>> upstream/18.0
=======
>>>>>>> upstream/18.0
=======
>>>>>>> upstream/18.0
=======
>>>>>>> upstream/18.0
=======
>>>>>>> upstream/18.0
=======
>>>>>>> upstream/18.0
=======
>>>>>>> upstream/18.0
=======
>>>>>>> upstream/18.0
=======
>>>>>>> upstream/18.0
=======
>>>>>>> upstream/18.0
=======
>>>>>>> upstream/18.0
=======
>>>>>>> upstream/18.0
=======
>>>>>>> upstream/18.0
=======
>>>>>>> upstream/18.0
=======
>>>>>>> upstream/18.0
=======
>>>>>>> upstream/18.0
=======
>>>>>>> upstream/18.0
=======
>>>>>>> upstream/18.0
=======
>>>>>>> upstream/18.0
=======
>>>>>>> upstream/18.0
=======
>>>>>>> upstream/18.0
=======
>>>>>>> upstream/18.0
=======
>>>>>>> upstream/18.0
=======
>>>>>>> upstream/18.0
=======
>>>>>>> upstream/18.0
=======
>>>>>>> upstream/18.0
=======
>>>>>>> upstream/18.0
=======
>>>>>>> upstream/18.0
=======
>>>>>>> upstream/18.0
=======
>>>>>>> upstream/18.0
=======
>>>>>>> upstream/18.0
=======
>>>>>>> upstream/18.0
=======
>>>>>>> upstream/18.0
=======
>>>>>>> upstream/18.0
=======
>>>>>>> upstream/18.0
=======
>>>>>>> upstream/18.0
=======
>>>>>>> upstream/18.0
=======
>>>>>>> upstream/18.0
=======
>>>>>>> upstream/18.0
=======
>>>>>>> upstream/18.0
=======
>>>>>>> upstream/18.0
=======
>>>>>>> upstream/18.0
=======
>>>>>>> upstream/18.0
=======
>>>>>>> upstream/18.0
=======
>>>>>>> upstream/18.0
=======
>>>>>>> upstream/18.0
=======
>>>>>>> upstream/18.0
=======
>>>>>>> upstream/18.0
=======
>>>>>>> upstream/18.0
=======
>>>>>>> upstream/18.0
=======
>>>>>>> upstream/18.0
=======
>>>>>>> upstream/18.0
=======
>>>>>>> upstream/18.0
=======
>>>>>>> upstream/18.0
=======
>>>>>>> upstream/18.0
=======
>>>>>>> upstream/18.0
=======
>>>>>>> upstream/18.0
=======
>>>>>>> upstream/18.0
=======
>>>>>>> upstream/18.0
=======
>>>>>>> upstream/18.0
=======
>>>>>>> upstream/18.0
=======
>>>>>>> upstream/18.0
=======
>>>>>>> upstream/18.0
=======
>>>>>>> upstream/18.0
=======
>>>>>>> upstream/18.0
=======
>>>>>>> upstream/18.0
=======
>>>>>>> upstream/18.0
=======
>>>>>>> upstream/18.0
=======
>>>>>>> upstream/18.0
=======
>>>>>>> upstream/18.0
=======
>>>>>>> upstream/18.0
=======
>>>>>>> upstream/18.0
=======
>>>>>>> upstream/18.0
=======
>>>>>>> upstream/18.0
=======
>>>>>>> upstream/18.0
=======
>>>>>>> upstream/18.0
=======
>>>>>>> upstream/18.0
=======
>>>>>>> upstream/18.0
=======
>>>>>>> upstream/18.0
=======
>>>>>>> upstream/18.0
=======
>>>>>>> upstream/18.0
=======
>>>>>>> upstream/18.0
=======
>>>>>>> upstream/18.0
=======
>>>>>>> upstream/18.0
=======
>>>>>>> upstream/18.0
=======
>>>>>>> upstream/18.0
=======
>>>>>>> upstream/18.0
=======
>>>>>>> upstream/18.0
=======
>>>>>>> upstream/18.0
=======
>>>>>>> upstream/18.0
=======
>>>>>>> upstream/18.0
=======
>>>>>>> upstream/18.0
=======
>>>>>>> upstream/18.0
=======
>>>>>>> upstream/18.0
=======
>>>>>>> upstream/18.0
=======
>>>>>>> upstream/18.0
=======
>>>>>>> upstream/18.0
=======
>>>>>>> upstream/18.0
=======
>>>>>>> upstream/18.0
=======
>>>>>>> upstream/18.0
=======
>>>>>>> upstream/18.0
=======
>>>>>>> upstream/18.0
=======
>>>>>>> upstream/18.0
=======
>>>>>>> upstream/18.0
=======
>>>>>>> upstream/18.0
=======
>>>>>>> upstream/18.0
=======
>>>>>>> upstream/18.0
=======
>>>>>>> upstream/18.0
=======
>>>>>>> upstream/18.0
=======
>>>>>>> upstream/18.0
=======
>>>>>>> upstream/18.0
=======
>>>>>>> upstream/18.0
"chart33311","Output VAT","33311","liability_current","False","Thuế GTGT đầu ra"
"chart33312","VAT on imported goods","33312","liability_current","False","Thuế GTGT hàng nhập khẩu"
"chart3332","Special consumption tax","3332","liability_current","False","Thuế tiêu thụ đặc biệt"
"chart3333","Import & export tax","3333","liability_current","False","Thuế xuất, nhập khẩu"
"chart3334","Corporate income tax","3334","liability_current","False","Thuế thu nhập doanh nghiệp"
"chart3335","Personal income tax","3335","liability_current","False","Thuế thu nhập cá nhân"
"chart3336","Natural resources using tax","3336","liability_current","False","Thuế nhà đất, tiền thuê đất"
"chart3337","Land & housing tax, land rental charges","3337","liability_current","False","Thuế nhà đất, tiền thuê đất"
"chart33381","Environment protection tax","33381","liability_current","False","Thuế bảo vệ môi trường"
"chart33382","Other taxes","33382","liability_current","False","Các loại thuế khác"
"chart3339","Fees & charges & other payables","3339","liability_payable","True","Phí, lệ phí và các khoản phải nộp khác"
"chart3341","Payables to staff","3341","liability_payable","True","Phải trả công nhân viên"
<<<<<<< HEAD
<<<<<<< HEAD
<<<<<<< HEAD
<<<<<<< HEAD
<<<<<<< HEAD
<<<<<<< HEAD
<<<<<<< HEAD
<<<<<<< HEAD
<<<<<<< HEAD
<<<<<<< HEAD
<<<<<<< HEAD
<<<<<<< HEAD
<<<<<<< HEAD
<<<<<<< HEAD
<<<<<<< HEAD
<<<<<<< HEAD
<<<<<<< HEAD
<<<<<<< HEAD
<<<<<<< HEAD
<<<<<<< HEAD
<<<<<<< HEAD
<<<<<<< HEAD
<<<<<<< HEAD
<<<<<<< HEAD
<<<<<<< HEAD
<<<<<<< HEAD
<<<<<<< HEAD
<<<<<<< HEAD
<<<<<<< HEAD
<<<<<<< HEAD
<<<<<<< HEAD
<<<<<<< HEAD
<<<<<<< HEAD
<<<<<<< HEAD
<<<<<<< HEAD
<<<<<<< HEAD
<<<<<<< HEAD
<<<<<<< HEAD
<<<<<<< HEAD
<<<<<<< HEAD
<<<<<<< HEAD
<<<<<<< HEAD
<<<<<<< HEAD
<<<<<<< HEAD
<<<<<<< HEAD
<<<<<<< HEAD
<<<<<<< HEAD
<<<<<<< HEAD
<<<<<<< HEAD
<<<<<<< HEAD
<<<<<<< HEAD
<<<<<<< HEAD
<<<<<<< HEAD
<<<<<<< HEAD
<<<<<<< HEAD
<<<<<<< HEAD
<<<<<<< HEAD
<<<<<<< HEAD
<<<<<<< HEAD
<<<<<<< HEAD
<<<<<<< HEAD
<<<<<<< HEAD
<<<<<<< HEAD
<<<<<<< HEAD
<<<<<<< HEAD
<<<<<<< HEAD
<<<<<<< HEAD
<<<<<<< HEAD
<<<<<<< HEAD
<<<<<<< HEAD
<<<<<<< HEAD
<<<<<<< HEAD
<<<<<<< HEAD
<<<<<<< HEAD
<<<<<<< HEAD
<<<<<<< HEAD
<<<<<<< HEAD
<<<<<<< HEAD
<<<<<<< HEAD
<<<<<<< HEAD
<<<<<<< HEAD
<<<<<<< HEAD
<<<<<<< HEAD
<<<<<<< HEAD
<<<<<<< HEAD
<<<<<<< HEAD
<<<<<<< HEAD
<<<<<<< HEAD
<<<<<<< HEAD
<<<<<<< HEAD
<<<<<<< HEAD
<<<<<<< HEAD
<<<<<<< HEAD
<<<<<<< HEAD
<<<<<<< HEAD
<<<<<<< HEAD
<<<<<<< HEAD
<<<<<<< HEAD
<<<<<<< HEAD
<<<<<<< HEAD
<<<<<<< HEAD
<<<<<<< HEAD
<<<<<<< HEAD
<<<<<<< HEAD
<<<<<<< HEAD
<<<<<<< HEAD
<<<<<<< HEAD
<<<<<<< HEAD
<<<<<<< HEAD
<<<<<<< HEAD
<<<<<<< HEAD
<<<<<<< HEAD
<<<<<<< HEAD
<<<<<<< HEAD
<<<<<<< HEAD
<<<<<<< HEAD
<<<<<<< HEAD
<<<<<<< HEAD
<<<<<<< HEAD
"chart3348","Payables to others","3348","liability_payable","True","Phải trả người lao động khác"
"chart335","Accrued expenses","335","liability_payable","True","Chi phí phải trả"
"chart3361","Internal payables for working capital received","3361","liability_payable","True","Phải trả nội bộ về vốn kinh doanh"
"chart3362","Internal payables for foreign exchange differences","3362","liability_payable","True","Phải trả nội bộ về chênh lệch tỷ giá"
"chart3363","Internal payables for borrowing costs eligible for capitalization","3363","liability_payable","True","Phải trả nội bộ về chi phí đi vay đủ điều kiện được vốn hoá"
"chart3368","Other internal payables","3368","liability_payable","True","Phải trả nội bộ khác"
"chart337","Progress billings for construction contracts","337","liability_payable","True","Thanh toán theo tiến độ kế hoạch hợp đồng xây dựng"
"chart3381","Surplus of assets awaiting for resolution","3381","liability_payable","True","Tài sản thừa chờ giải quyết"
"chart3382","Trade union fees","3382","liability_payable","True","Kinh phí công đoàn"
"chart3383","Social insurance","3383","liability_payable","True","Bảo hiểm xã hội"
"chart3384","Health insurance","3384","liability_payable","True","Bảo hiểm y tế"
"chart3385","Payables on equitization","3385","liability_payable","True","Phải trả về cổ phần hóa"
"chart3386","Unemployment insurance","3386","liability_payable","True","Bảo hiểm thất nghiệp"
"chart3387","Unearned revenue","3387","liability_payable","True","Doanh thu chưa thực hiện"
"chart3388","Other payables","3388","liability_payable","True","Phải trả, phải nộp khác"
"chart3411","Borrowings","3411","liability_current","False","Các khoản đi vay"
"chart3412","Financial leased liabilities","3412","liability_current","False","Nợ thuê tài chính"
=======
=======
>>>>>>> upstream/18.0
=======
>>>>>>> upstream/18.0
=======
>>>>>>> upstream/18.0
=======
>>>>>>> upstream/18.0
=======
>>>>>>> upstream/18.0
=======
>>>>>>> upstream/18.0
=======
>>>>>>> upstream/18.0
=======
>>>>>>> upstream/18.0
=======
>>>>>>> upstream/18.0
=======
>>>>>>> upstream/18.0
=======
>>>>>>> upstream/18.0
=======
>>>>>>> upstream/18.0
=======
>>>>>>> upstream/18.0
=======
>>>>>>> upstream/18.0
=======
>>>>>>> upstream/18.0
=======
>>>>>>> upstream/18.0
=======
>>>>>>> upstream/18.0
=======
>>>>>>> upstream/18.0
=======
>>>>>>> upstream/18.0
=======
>>>>>>> upstream/18.0
=======
>>>>>>> upstream/18.0
=======
>>>>>>> upstream/18.0
=======
>>>>>>> upstream/18.0
=======
>>>>>>> upstream/18.0
=======
>>>>>>> upstream/18.0
=======
>>>>>>> upstream/18.0
=======
>>>>>>> upstream/18.0
=======
>>>>>>> upstream/18.0
=======
>>>>>>> upstream/18.0
=======
>>>>>>> upstream/18.0
=======
>>>>>>> upstream/18.0
=======
>>>>>>> upstream/18.0
=======
>>>>>>> upstream/18.0
=======
>>>>>>> upstream/18.0
=======
>>>>>>> upstream/18.0
=======
>>>>>>> upstream/18.0
=======
>>>>>>> upstream/18.0
=======
>>>>>>> upstream/18.0
=======
>>>>>>> upstream/18.0
=======
>>>>>>> upstream/18.0
=======
>>>>>>> upstream/18.0
=======
>>>>>>> upstream/18.0
=======
>>>>>>> upstream/18.0
=======
>>>>>>> upstream/18.0
=======
>>>>>>> upstream/18.0
=======
>>>>>>> upstream/18.0
=======
>>>>>>> upstream/18.0
=======
>>>>>>> upstream/18.0
=======
>>>>>>> upstream/18.0
=======
>>>>>>> upstream/18.0
=======
>>>>>>> upstream/18.0
=======
>>>>>>> upstream/18.0
=======
>>>>>>> upstream/18.0
=======
>>>>>>> upstream/18.0
=======
>>>>>>> upstream/18.0
=======
>>>>>>> upstream/18.0
=======
>>>>>>> upstream/18.0
=======
>>>>>>> upstream/18.0
=======
>>>>>>> upstream/18.0
=======
>>>>>>> upstream/18.0
=======
>>>>>>> upstream/18.0
=======
>>>>>>> upstream/18.0
=======
>>>>>>> upstream/18.0
=======
>>>>>>> upstream/18.0
=======
>>>>>>> upstream/18.0
=======
>>>>>>> upstream/18.0
=======
>>>>>>> upstream/18.0
=======
>>>>>>> upstream/18.0
=======
>>>>>>> upstream/18.0
=======
>>>>>>> upstream/18.0
=======
>>>>>>> upstream/18.0
=======
>>>>>>> upstream/18.0
=======
>>>>>>> upstream/18.0
=======
>>>>>>> upstream/18.0
=======
>>>>>>> upstream/18.0
=======
>>>>>>> upstream/18.0
=======
>>>>>>> upstream/18.0
=======
>>>>>>> upstream/18.0
=======
>>>>>>> upstream/18.0
=======
>>>>>>> upstream/18.0
=======
>>>>>>> upstream/18.0
=======
>>>>>>> upstream/18.0
=======
>>>>>>> upstream/18.0
=======
>>>>>>> upstream/18.0
=======
>>>>>>> upstream/18.0
=======
>>>>>>> upstream/18.0
=======
>>>>>>> upstream/18.0
=======
>>>>>>> upstream/18.0
=======
>>>>>>> upstream/18.0
=======
>>>>>>> upstream/18.0
=======
>>>>>>> upstream/18.0
=======
>>>>>>> upstream/18.0
=======
>>>>>>> upstream/18.0
=======
>>>>>>> upstream/18.0
=======
>>>>>>> upstream/18.0
=======
>>>>>>> upstream/18.0
=======
>>>>>>> upstream/18.0
=======
>>>>>>> upstream/18.0
=======
>>>>>>> upstream/18.0
=======
>>>>>>> upstream/18.0
=======
>>>>>>> upstream/18.0
=======
>>>>>>> upstream/18.0
=======
>>>>>>> upstream/18.0
=======
>>>>>>> upstream/18.0
=======
>>>>>>> upstream/18.0
=======
>>>>>>> upstream/18.0
=======
>>>>>>> upstream/18.0
=======
>>>>>>> upstream/18.0
=======
>>>>>>> upstream/18.0
=======
>>>>>>> upstream/18.0
=======
>>>>>>> upstream/18.0
=======
>>>>>>> upstream/18.0
=======
>>>>>>> upstream/18.0
=======
>>>>>>> upstream/18.0
=======
>>>>>>> upstream/18.0
=======
>>>>>>> upstream/18.0
=======
>>>>>>> upstream/18.0
=======
>>>>>>> upstream/18.0
"chart33411","Payables to staff - short term","33411","liability_payable","True","Phải trả công nhân viên - ngắn hạn"
"chart33412","Payables to staff - long term","33412","liability_payable","True","Phải trả công nhân viên - dài hạn"
"chart3348","Payables to others","3348","liability_payable","True","Phải trả người lao động khác"
"chart33481","Payables to others - short term","33481","liability_payable","True","Phải trả người lao động khác - ngắn hạn"
"chart33482","Payables to others - long term","33482","liability_payable","True","Phải trả người lao động khác - dài hạn"
"chart3351","Accured expenses - short term","3351","liability_payable","True","Chi phí phải trả - ngắn hạn"
"chart3352","Accured expenses - long term","3352","liability_payable","True","Chi phí phải trả - dài hạn"
"chart3361","Internal payables for working capital received","3361","liability_payable","True","Phải trả nội bộ về vốn kinh doanh"
"chart3362","Internal payables for foreign exchange differences","3362","liability_payable","True","Phải trả nội bộ về chênh lệch tỷ giá"
"chart33621","Internal payables for foreign exchange differences - short term","33621","liability_payable","True","Phải trả nội bộ về chênh lệch tỉ giá - ngắn hạn"
"chart33622","Internal payables for foreign exchange differences - long term","33622","liability_payable","True","Phải trả nội bộ về chênh lệch tỉ giá - dài hạn"
"chart3363","Internal payables for borrowing costs eligible for capitalization","3363","liability_payable","True","Phải trả nội bộ về chi phí đi vay đủ điều kiện được vốn hoá"
"chart33631","Internal payables for borrowing costs eligible for capitalization - short term","33631","liability_payable","True","Phải trả nội bộ về chi phí đi vay đủ điều kiện được vốn hoá - ngắn hạn"
"chart33632","Internal payables for borrowing costs eligible for capitalization - long term","33632","liability_payable","True","Phải trả nội bộ về chi phí đi vay đủ điều kiện được vốn hoá - dài hạn"
"chart3368","Other internal payables","3368","liability_payable","True","Phải trả nội bộ khác"
"chart33681","Other internal payables - short term","33681","liability_payable","True","Phải trả nội bộ khác - ngắn hạn"
"chart33682","Other internal payables - long term","33682","liability_payable","True","Phải trả nội bộ khác -  dài hạn"
"chart337","Progress billings for construction contracts","337","liability_payable","True","Thanh toán theo tiến độ kế hoạch hợp đồng xây dựng"
"chart3381","Surplus of assets awaiting for resolution","3381","liability_payable","True","Tài sản thừa chờ giải quyết"
"chart33811","Surplus of assets awaiting for resolution - short term","33811","liability_payable","True","Tài sản thừa chờ giải quyết - ngắn hạn"
"chart33812","Surplus of assets awaiting for resolution - long term","33812","liability_payable","True","Tài sản thừa chờ giải quyết - dài hạn"
"chart3382","Trade union fees","3382","liability_payable","True","Kinh phí công đoàn"
"chart33821","Trade union fees - short term","33821","liability_payable","True","Kinh phí công đoàn - ngắn hạn"
"chart33822","Trade union fees - long term","33822","liability_payable","True","Kinh phí công đoàn - dài hạn"
"chart3383","Social insurance","3383","liability_payable","True","Bảo hiểm xã hội"
"chart33831","Social insurance - short term","33831","liability_payable","True","Bảo hiểm xã hội - ngắn hạn"
"chart33832","Social insurance - long term","33832","liability_payable","True","Bảo hiểm xã hội - dài hạn"
"chart3384","Health insurance","3384","liability_payable","True","Bảo hiểm y tế"
"chart33841","Health insurance - short term","33841","liability_payable","True","Bảo hiểm y tế - ngắn hạn"
"chart33842","Health insurance - long term","33842","liability_payable","True","Bảo hiểm y tế - dài hạn"
"chart3385","Payables on equitization","3385","liability_payable","True","Phải trả về cổ phần hóa"
"chart33851","Payables on equilization - short term","33851","liability_payable","True","Phải trả về cổ phần hoá - ngắn hạn"
"chart33852","Payables on equilization - long term","33852","liability_payable","True","Phải trả về cổ phần hoá - dài hạn"
"chart3386","Unemployment insurance","3386","liability_payable","True","Bảo hiểm thất nghiệp"
"chart33861","Unemployment insurance - short term","33861","liability_payable","True","Bảo hiểm thất nghiệp - ngắn hạn"
"chart33862","Unemployment insurance - long term","33862","liability_payable","True","Bảo hiểm thất nghiệp - dài hạn"
<<<<<<< HEAD
<<<<<<< HEAD
<<<<<<< HEAD
<<<<<<< HEAD
<<<<<<< HEAD
<<<<<<< HEAD
<<<<<<< HEAD
<<<<<<< HEAD
<<<<<<< HEAD
<<<<<<< HEAD
<<<<<<< HEAD
<<<<<<< HEAD
<<<<<<< HEAD
<<<<<<< HEAD
<<<<<<< HEAD
<<<<<<< HEAD
<<<<<<< HEAD
<<<<<<< HEAD
<<<<<<< HEAD
<<<<<<< HEAD
<<<<<<< HEAD
<<<<<<< HEAD
<<<<<<< HEAD
<<<<<<< HEAD
<<<<<<< HEAD
<<<<<<< HEAD
<<<<<<< HEAD
<<<<<<< HEAD
<<<<<<< HEAD
<<<<<<< HEAD
<<<<<<< HEAD
"chart3387","Unearned revenue","3387","liability_payable","True","Doanh thu chưa thực hiện"
"chart33871","Unearned revenue - short term","33871","liability_payable","True","Doanh thu chưa thực hiện - ngắn hạn"
"chart33872","Unearned revenue - long term","33872","liability_payable","True","Doanh thu chưa thực hiện - dài hạn"
=======
"chart3387","Unearned revenue","3387","liability_current","True","Doanh thu chưa thực hiện"
"chart33871","Unearned revenue - short term","33871","liability_current","True","Doanh thu chưa thực hiện - ngắn hạn"
"chart33872","Unearned revenue - long term","33872","liability_current","True","Doanh thu chưa thực hiện - dài hạn"
>>>>>>> upstream/18.0
=======
"chart3387","Unearned revenue","3387","liability_current","True","Doanh thu chưa thực hiện"
"chart33871","Unearned revenue - short term","33871","liability_current","True","Doanh thu chưa thực hiện - ngắn hạn"
"chart33872","Unearned revenue - long term","33872","liability_current","True","Doanh thu chưa thực hiện - dài hạn"
>>>>>>> upstream/18.0
=======
"chart3387","Unearned revenue","3387","liability_current","True","Doanh thu chưa thực hiện"
"chart33871","Unearned revenue - short term","33871","liability_current","True","Doanh thu chưa thực hiện - ngắn hạn"
"chart33872","Unearned revenue - long term","33872","liability_current","True","Doanh thu chưa thực hiện - dài hạn"
>>>>>>> upstream/18.0
=======
"chart3387","Unearned revenue","3387","liability_current","True","Doanh thu chưa thực hiện"
"chart33871","Unearned revenue - short term","33871","liability_current","True","Doanh thu chưa thực hiện - ngắn hạn"
"chart33872","Unearned revenue - long term","33872","liability_current","True","Doanh thu chưa thực hiện - dài hạn"
>>>>>>> upstream/18.0
=======
"chart3387","Unearned revenue","3387","liability_current","True","Doanh thu chưa thực hiện"
"chart33871","Unearned revenue - short term","33871","liability_current","True","Doanh thu chưa thực hiện - ngắn hạn"
"chart33872","Unearned revenue - long term","33872","liability_current","True","Doanh thu chưa thực hiện - dài hạn"
>>>>>>> upstream/18.0
=======
"chart3387","Unearned revenue","3387","liability_current","True","Doanh thu chưa thực hiện"
"chart33871","Unearned revenue - short term","33871","liability_current","True","Doanh thu chưa thực hiện - ngắn hạn"
"chart33872","Unearned revenue - long term","33872","liability_current","True","Doanh thu chưa thực hiện - dài hạn"
>>>>>>> upstream/18.0
=======
"chart3387","Unearned revenue","3387","liability_current","True","Doanh thu chưa thực hiện"
"chart33871","Unearned revenue - short term","33871","liability_current","True","Doanh thu chưa thực hiện - ngắn hạn"
"chart33872","Unearned revenue - long term","33872","liability_current","True","Doanh thu chưa thực hiện - dài hạn"
>>>>>>> upstream/18.0
=======
"chart3387","Unearned revenue","3387","liability_current","True","Doanh thu chưa thực hiện"
"chart33871","Unearned revenue - short term","33871","liability_current","True","Doanh thu chưa thực hiện - ngắn hạn"
"chart33872","Unearned revenue - long term","33872","liability_current","True","Doanh thu chưa thực hiện - dài hạn"
>>>>>>> upstream/18.0
=======
"chart3387","Unearned revenue","3387","liability_current","True","Doanh thu chưa thực hiện"
"chart33871","Unearned revenue - short term","33871","liability_current","True","Doanh thu chưa thực hiện - ngắn hạn"
"chart33872","Unearned revenue - long term","33872","liability_current","True","Doanh thu chưa thực hiện - dài hạn"
>>>>>>> upstream/18.0
=======
"chart3387","Unearned revenue","3387","liability_current","True","Doanh thu chưa thực hiện"
"chart33871","Unearned revenue - short term","33871","liability_current","True","Doanh thu chưa thực hiện - ngắn hạn"
"chart33872","Unearned revenue - long term","33872","liability_current","True","Doanh thu chưa thực hiện - dài hạn"
>>>>>>> upstream/18.0
=======
"chart3387","Unearned revenue","3387","liability_current","True","Doanh thu chưa thực hiện"
"chart33871","Unearned revenue - short term","33871","liability_current","True","Doanh thu chưa thực hiện - ngắn hạn"
"chart33872","Unearned revenue - long term","33872","liability_current","True","Doanh thu chưa thực hiện - dài hạn"
>>>>>>> upstream/18.0
=======
"chart3387","Unearned revenue","3387","liability_current","True","Doanh thu chưa thực hiện"
"chart33871","Unearned revenue - short term","33871","liability_current","True","Doanh thu chưa thực hiện - ngắn hạn"
"chart33872","Unearned revenue - long term","33872","liability_current","True","Doanh thu chưa thực hiện - dài hạn"
>>>>>>> upstream/18.0
=======
"chart3387","Unearned revenue","3387","liability_current","True","Doanh thu chưa thực hiện"
"chart33871","Unearned revenue - short term","33871","liability_current","True","Doanh thu chưa thực hiện - ngắn hạn"
"chart33872","Unearned revenue - long term","33872","liability_current","True","Doanh thu chưa thực hiện - dài hạn"
>>>>>>> upstream/18.0
=======
"chart3387","Unearned revenue","3387","liability_current","True","Doanh thu chưa thực hiện"
"chart33871","Unearned revenue - short term","33871","liability_current","True","Doanh thu chưa thực hiện - ngắn hạn"
"chart33872","Unearned revenue - long term","33872","liability_current","True","Doanh thu chưa thực hiện - dài hạn"
>>>>>>> upstream/18.0
=======
"chart3387","Unearned revenue","3387","liability_current","True","Doanh thu chưa thực hiện"
"chart33871","Unearned revenue - short term","33871","liability_current","True","Doanh thu chưa thực hiện - ngắn hạn"
"chart33872","Unearned revenue - long term","33872","liability_current","True","Doanh thu chưa thực hiện - dài hạn"
>>>>>>> upstream/18.0
=======
"chart3387","Unearned revenue","3387","liability_current","True","Doanh thu chưa thực hiện"
"chart33871","Unearned revenue - short term","33871","liability_current","True","Doanh thu chưa thực hiện - ngắn hạn"
"chart33872","Unearned revenue - long term","33872","liability_current","True","Doanh thu chưa thực hiện - dài hạn"
>>>>>>> upstream/18.0
=======
"chart3387","Unearned revenue","3387","liability_current","True","Doanh thu chưa thực hiện"
"chart33871","Unearned revenue - short term","33871","liability_current","True","Doanh thu chưa thực hiện - ngắn hạn"
"chart33872","Unearned revenue - long term","33872","liability_current","True","Doanh thu chưa thực hiện - dài hạn"
>>>>>>> upstream/18.0
=======
"chart3387","Unearned revenue","3387","liability_current","True","Doanh thu chưa thực hiện"
"chart33871","Unearned revenue - short term","33871","liability_current","True","Doanh thu chưa thực hiện - ngắn hạn"
"chart33872","Unearned revenue - long term","33872","liability_current","True","Doanh thu chưa thực hiện - dài hạn"
>>>>>>> upstream/18.0
=======
"chart3387","Unearned revenue","3387","liability_current","True","Doanh thu chưa thực hiện"
"chart33871","Unearned revenue - short term","33871","liability_current","True","Doanh thu chưa thực hiện - ngắn hạn"
"chart33872","Unearned revenue - long term","33872","liability_current","True","Doanh thu chưa thực hiện - dài hạn"
>>>>>>> upstream/18.0
=======
"chart3387","Unearned revenue","3387","liability_current","True","Doanh thu chưa thực hiện"
"chart33871","Unearned revenue - short term","33871","liability_current","True","Doanh thu chưa thực hiện - ngắn hạn"
"chart33872","Unearned revenue - long term","33872","liability_current","True","Doanh thu chưa thực hiện - dài hạn"
>>>>>>> upstream/18.0
=======
"chart3387","Unearned revenue","3387","liability_current","True","Doanh thu chưa thực hiện"
"chart33871","Unearned revenue - short term","33871","liability_current","True","Doanh thu chưa thực hiện - ngắn hạn"
"chart33872","Unearned revenue - long term","33872","liability_current","True","Doanh thu chưa thực hiện - dài hạn"
>>>>>>> upstream/18.0
=======
"chart3387","Unearned revenue","3387","liability_current","True","Doanh thu chưa thực hiện"
"chart33871","Unearned revenue - short term","33871","liability_current","True","Doanh thu chưa thực hiện - ngắn hạn"
"chart33872","Unearned revenue - long term","33872","liability_current","True","Doanh thu chưa thực hiện - dài hạn"
>>>>>>> upstream/18.0
=======
"chart3387","Unearned revenue","3387","liability_current","True","Doanh thu chưa thực hiện"
"chart33871","Unearned revenue - short term","33871","liability_current","True","Doanh thu chưa thực hiện - ngắn hạn"
"chart33872","Unearned revenue - long term","33872","liability_current","True","Doanh thu chưa thực hiện - dài hạn"
>>>>>>> upstream/18.0
=======
"chart3387","Unearned revenue","3387","liability_current","True","Doanh thu chưa thực hiện"
"chart33871","Unearned revenue - short term","33871","liability_current","True","Doanh thu chưa thực hiện - ngắn hạn"
"chart33872","Unearned revenue - long term","33872","liability_current","True","Doanh thu chưa thực hiện - dài hạn"
>>>>>>> upstream/18.0
=======
"chart3387","Unearned revenue","3387","liability_current","True","Doanh thu chưa thực hiện"
"chart33871","Unearned revenue - short term","33871","liability_current","True","Doanh thu chưa thực hiện - ngắn hạn"
"chart33872","Unearned revenue - long term","33872","liability_current","True","Doanh thu chưa thực hiện - dài hạn"
>>>>>>> upstream/18.0
=======
"chart3387","Unearned revenue","3387","liability_current","True","Doanh thu chưa thực hiện"
"chart33871","Unearned revenue - short term","33871","liability_current","True","Doanh thu chưa thực hiện - ngắn hạn"
"chart33872","Unearned revenue - long term","33872","liability_current","True","Doanh thu chưa thực hiện - dài hạn"
>>>>>>> upstream/18.0
=======
"chart3387","Unearned revenue","3387","liability_current","True","Doanh thu chưa thực hiện"
"chart33871","Unearned revenue - short term","33871","liability_current","True","Doanh thu chưa thực hiện - ngắn hạn"
"chart33872","Unearned revenue - long term","33872","liability_current","True","Doanh thu chưa thực hiện - dài hạn"
>>>>>>> upstream/18.0
=======
"chart3387","Unearned revenue","3387","liability_current","True","Doanh thu chưa thực hiện"
"chart33871","Unearned revenue - short term","33871","liability_current","True","Doanh thu chưa thực hiện - ngắn hạn"
"chart33872","Unearned revenue - long term","33872","liability_current","True","Doanh thu chưa thực hiện - dài hạn"
>>>>>>> upstream/18.0
=======
"chart3387","Unearned revenue","3387","liability_current","True","Doanh thu chưa thực hiện"
"chart33871","Unearned revenue - short term","33871","liability_current","True","Doanh thu chưa thực hiện - ngắn hạn"
"chart33872","Unearned revenue - long term","33872","liability_current","True","Doanh thu chưa thực hiện - dài hạn"
>>>>>>> upstream/18.0
=======
"chart3387","Unearned revenue","3387","liability_current","True","Doanh thu chưa thực hiện"
"chart33871","Unearned revenue - short term","33871","liability_current","True","Doanh thu chưa thực hiện - ngắn hạn"
"chart33872","Unearned revenue - long term","33872","liability_current","True","Doanh thu chưa thực hiện - dài hạn"
>>>>>>> upstream/18.0
=======
"chart3387","Unearned revenue","3387","liability_current","True","Doanh thu chưa thực hiện"
"chart33871","Unearned revenue - short term","33871","liability_current","True","Doanh thu chưa thực hiện - ngắn hạn"
"chart33872","Unearned revenue - long term","33872","liability_current","True","Doanh thu chưa thực hiện - dài hạn"
>>>>>>> upstream/18.0
"chart3388","Other payables","3388","liability_payable","True","Phải trả, phải nộp khác"
=======
=======
>>>>>>> upstream/18.0
=======
>>>>>>> upstream/18.0
=======
>>>>>>> upstream/18.0
=======
>>>>>>> upstream/18.0
=======
>>>>>>> upstream/18.0
=======
>>>>>>> upstream/18.0
=======
>>>>>>> upstream/18.0
=======
>>>>>>> upstream/18.0
=======
>>>>>>> upstream/18.0
=======
>>>>>>> upstream/18.0
=======
>>>>>>> upstream/18.0
=======
>>>>>>> upstream/18.0
=======
>>>>>>> upstream/18.0
=======
>>>>>>> upstream/18.0
=======
>>>>>>> upstream/18.0
=======
>>>>>>> upstream/18.0
=======
>>>>>>> upstream/18.0
=======
>>>>>>> upstream/18.0
=======
>>>>>>> upstream/18.0
=======
>>>>>>> upstream/18.0
=======
>>>>>>> upstream/18.0
=======
>>>>>>> upstream/18.0
=======
>>>>>>> upstream/18.0
=======
>>>>>>> upstream/18.0
=======
>>>>>>> upstream/18.0
=======
>>>>>>> upstream/18.0
=======
>>>>>>> upstream/18.0
=======
>>>>>>> upstream/18.0
=======
>>>>>>> upstream/18.0
=======
>>>>>>> upstream/18.0
=======
>>>>>>> upstream/18.0
=======
>>>>>>> upstream/18.0
"chart22951","Provision for biology asset loss - Short term","22951","asset_non_current","False","Dự phòng tổn thất tài sản sinh học - Ngắn hạn"
"chart22952","Provision for biology asset loss - Long term","22952","asset_non_current","False","Dự phòng tổn thất tài sản sinh học - Dài hạn"
"chart2411","Acquisition of fixed assets","2411","asset_non_current","False","Mua sắm TSCĐ"
"chart2412","Construction in progress","2412","asset_non_current","False","Xây dựng cơ bản"
"chart2413","Periodic repairs and maintenance of fixed assets","2413","asset_non_current","False","Sửa chữa, bảo dưỡng định kỳ TSCĐ"
"chart2414","Upgrading, renovating fixed assets","2414","asset_non_current","False","Nâng cấp, cải tạo TSCĐ"
"chart2421","Expenses waiting for allocation - short term","2421","asset_prepayments","False","Chi phí chờ phân bổ - ngắn hạn"
"chart2422","Expenses waiting for allocation - long term","2422","asset_prepayments","False","Chi phí chờ phân bổ - dài hạn"
"chart243","Deferred tax assets","243","asset_non_current","False","Tài sản thuế thu nhập hoãn lại"
"chart2441","Deposits - short term","2441","asset_non_current","False","Ký quỹ, ký cược - ngắn hạn"
"chart2442","Deposits - long term","2442","asset_non_current","False","Ký quỹ, ký cược - dài hạn"
"chart3311","Trade payables - short term","3311","liability_payable","True","Phải trả cho người bán - ngắn hạn"
"chart3312","Trade payables - long term","3312","liability_payable","True","Phải trả cho người bán - dài hạn"
"chart332","Dividend payable","332","liability_payable","True","Phải trả cổ tức, lợi nhuận"
"chart33311","Output VAT","33311","liability_current","False","Thuế GTGT đầu ra"
"chart33312","VAT on imported goods","33312","liability_payable","True","Thuế GTGT hàng nhập khẩu"
"chart33321","Special consumption tax- short term","33321","liability_current","False","Thuế tiêu thụ đặc biệt - ngắn hạn"
"chart33322","Special consumption tax - long term","33322","liability_current","False","Thuế tiêu thụ đặc biệt - dài hạn"
"chart33331","Import & export tax - short term","33331","liability_current","False","Thuế xuất, nhập khẩu - ngắn hạn"
"chart33332","Import & export tax - long term","33332","liability_current","False","Thuế xuất, nhập khẩu - dài hạn"
"chart33341","Corporate income tax - short term","33341","liability_current","False","Thuế thu nhập doanh nghiệp - ngắn hạn"
"chart33342","Corporate income tax - long term","33342","liability_current","False","Thuế thu nhập doanh nghiệp - dài hạn"
"chart33351","Personal income tax - short term","33351","liability_current","False","Thuế thu nhập cá nhân - ngắn hạn"
"chart33352","Personal income tax - long term","33352","liability_current","False","Thuế thu nhập cá nhân - dài hạn"
"chart33361","Natural resources using tax - short term","33361","liability_current","False","Thuế tài nguyên - ngắn hạn"
"chart33362","Natural resources using tax - long term","33362","liability_current","False","Thuế tài nguyên - dài hạn"
"chart33371","Land & housing tax, land rental charges - short term","33371","liability_current","False","Thuế nhà đất, tiền thuê đất - ngắn hạn"
"chart33372","Land & housing tax, land rental charges - long term","33372","liability_current","False","Thuế nhà đất, tiền thuê đất - dài hạn"
"chart33381","Environment protection tax","33381","liability_current","False","Thuế bảo vệ môi trường"
"chart33382","Other taxes","33382","liability_current","False","Các loại thuế khác"
"chart33391","Fees & charges & other payables - short term","33391","liability_payable","True","Phí, lệ phí và các khoản phải nộp khác - ngắn hạn"
"chart33392","Fees & charges & other payables - long term","33392","liability_payable","True","Phí, lệ phí và các khoản phải nộp khác - dài hạn"
"chart33411","Payables to staff - short term","3341","liability_payable","True","Phải trả công nhân viên - ngắn hạn"
"chart33412","Payables to staff - long term","3342","liability_payable","True","Phải trả công nhân viên - dài hạn"
"chart3351","Accrued expenses - short term","3351","liability_payable","True","Chi phí phải trả - ngắn hạn"
"chart3352","Accrued expenses - long term","3352","liability_payable","True","Chi phí phải trả - dài hạn"
"chart3361","Internal payables for working capital received","3361","liability_payable","True","Phải trả nội bộ về vốn kinh doanh"
"chart33621","Internal payables for foreign exchange differences - short term","33621","liability_payable","True","Phải trả nội bộ về chênh lệch tỉ giá - ngắn hạn"
"chart33622","Internal payables for foreign exchange differences - long term","33622","liability_payable","True","Phải trả nội bộ về chênh lệch tỉ giá - dài hạn"
"chart33631","Internal payables for borrowing costs eligible for capitalization - short term","33631","liability_payable","True","Phải trả nội bộ về chi phí đi vay đủ điều kiện được vốn hoá - ngắn hạn"
"chart33632","Internal payables for borrowing costs eligible for capitalization - long term","33632","liability_payable","True","Phải trả nội bộ về chi phí đi vay đủ điều kiện được vốn hoá - dài hạn"
"chart33681","Other internal payables - short term","33681","liability_payable","True","Phải trả nội bộ khác - ngắn hạn"
"chart33682","Other internal payables - long term","33682","liability_payable","True","Phải trả nội bộ khác -  dài hạn"
"chart337","Progress billings for construction contracts","337","liability_payable","True","Thanh toán theo tiến độ hợp đồng xây dựng"
"chart33811","Surplus of assets awaiting for resolution - short term","33811","liability_payable","True","Tài sản thừa chờ giải quyết - ngắn hạn"
"chart33812","Surplus of assets awaiting for resolution - long term","33812","liability_payable","True","Tài sản thừa chờ giải quyết - dài hạn"
"chart33821","Trade union fees - short term","33821","liability_payable","True","Kinh phí công đoàn - ngắn hạn"
"chart33822","Trade union fees - long term","33822","liability_payable","True","Kinh phí công đoàn - dài hạn"
"chart33831","Social insurance - short term","33831","liability_payable","True","Bảo hiểm xã hội - ngắn hạn"
"chart33832","Social insurance - long term","33832","liability_payable","True","Bảo hiểm xã hội - dài hạn"
"chart33841","Health insurance - short term","33841","liability_payable","True","Bảo hiểm y tế - ngắn hạn"
"chart33842","Health insurance - long term","33842","liability_payable","True","Bảo hiểm y tế - dài hạn"
"chart33861","Unemployment insurance - short term","33861","liability_payable","True","Bảo hiểm thất nghiệp - ngắn hạn"
"chart33862","Unemployment insurance - long term","33862","liability_payable","True","Bảo hiểm thất nghiệp - dài hạn"
"chart33871","Unearned revenue - short term","33871","liability_current","True","Doanh thu chưa thực hiện - ngắn hạn"
"chart33872","Unearned revenue - long term","33872","liability_current","True","Doanh thu chưa thực hiện - dài hạn"
<<<<<<< HEAD
<<<<<<< HEAD
<<<<<<< HEAD
<<<<<<< HEAD
<<<<<<< HEAD
<<<<<<< HEAD
<<<<<<< HEAD
<<<<<<< HEAD
<<<<<<< HEAD
<<<<<<< HEAD
<<<<<<< HEAD
<<<<<<< HEAD
<<<<<<< HEAD
<<<<<<< HEAD
<<<<<<< HEAD
<<<<<<< HEAD
<<<<<<< HEAD
<<<<<<< HEAD
<<<<<<< HEAD
<<<<<<< HEAD
<<<<<<< HEAD
<<<<<<< HEAD
<<<<<<< HEAD
<<<<<<< HEAD
<<<<<<< HEAD
<<<<<<< HEAD
<<<<<<< HEAD
<<<<<<< HEAD
<<<<<<< HEAD
<<<<<<< HEAD
<<<<<<< HEAD
<<<<<<< HEAD
>>>>>>> upstream/18.0
=======
>>>>>>> upstream/18.0
=======
>>>>>>> upstream/18.0
=======
>>>>>>> upstream/18.0
=======
>>>>>>> upstream/18.0
=======
>>>>>>> upstream/18.0
=======
>>>>>>> upstream/18.0
=======
>>>>>>> upstream/18.0
=======
>>>>>>> upstream/18.0
=======
>>>>>>> upstream/18.0
=======
>>>>>>> upstream/18.0
=======
>>>>>>> upstream/18.0
=======
>>>>>>> upstream/18.0
=======
>>>>>>> upstream/18.0
=======
>>>>>>> upstream/18.0
=======
>>>>>>> upstream/18.0
=======
>>>>>>> upstream/18.0
=======
>>>>>>> upstream/18.0
=======
>>>>>>> upstream/18.0
=======
>>>>>>> upstream/18.0
=======
>>>>>>> upstream/18.0
=======
>>>>>>> upstream/18.0
=======
>>>>>>> upstream/18.0
=======
>>>>>>> upstream/18.0
=======
>>>>>>> upstream/18.0
=======
>>>>>>> upstream/18.0
=======
>>>>>>> upstream/18.0
=======
>>>>>>> upstream/18.0
=======
>>>>>>> upstream/18.0
=======
>>>>>>> upstream/18.0
=======
>>>>>>> upstream/18.0
=======
>>>>>>> upstream/18.0
=======
>>>>>>> upstream/18.0
"chart33881","Other payables - short term","33881","liability_payable","True","Phải trả, phải nộp khác - ngắn hạn"
"chart33882","Other payables - long term","33882","liability_payable","True","Phải trả, phải nộp khác - dài hạn"
"chart34111","Borrowings - short term","34111","liability_payable","True","Các khoản đi vay - ngắn hạn"
"chart34112","Borrowings - long term","34112","liability_payable","True","Các khoản đi vay - dài hạn"
"chart34121","Financial leased liabilities - short term","34121","liability_current","False","Nợ thuê tài chính - ngắn hạn"
"chart34122","Financial leased liabilities - long term","34122","liability_current","False","Nợ thuê tài chính - dài hạn"
<<<<<<< HEAD
<<<<<<< HEAD
<<<<<<< HEAD
<<<<<<< HEAD
<<<<<<< HEAD
<<<<<<< HEAD
<<<<<<< HEAD
<<<<<<< HEAD
<<<<<<< HEAD
<<<<<<< HEAD
<<<<<<< HEAD
<<<<<<< HEAD
<<<<<<< HEAD
<<<<<<< HEAD
<<<<<<< HEAD
<<<<<<< HEAD
<<<<<<< HEAD
<<<<<<< HEAD
<<<<<<< HEAD
<<<<<<< HEAD
<<<<<<< HEAD
<<<<<<< HEAD
<<<<<<< HEAD
<<<<<<< HEAD
<<<<<<< HEAD
<<<<<<< HEAD
<<<<<<< HEAD
<<<<<<< HEAD
<<<<<<< HEAD
<<<<<<< HEAD
<<<<<<< HEAD
<<<<<<< HEAD
<<<<<<< HEAD
<<<<<<< HEAD
<<<<<<< HEAD
<<<<<<< HEAD
<<<<<<< HEAD
<<<<<<< HEAD
<<<<<<< HEAD
<<<<<<< HEAD
<<<<<<< HEAD
<<<<<<< HEAD
<<<<<<< HEAD
<<<<<<< HEAD
<<<<<<< HEAD
<<<<<<< HEAD
<<<<<<< HEAD
<<<<<<< HEAD
<<<<<<< HEAD
<<<<<<< HEAD
<<<<<<< HEAD
<<<<<<< HEAD
<<<<<<< HEAD
<<<<<<< HEAD
<<<<<<< HEAD
<<<<<<< HEAD
<<<<<<< HEAD
<<<<<<< HEAD
<<<<<<< HEAD
<<<<<<< HEAD
<<<<<<< HEAD
<<<<<<< HEAD
<<<<<<< HEAD
<<<<<<< HEAD
<<<<<<< HEAD
<<<<<<< HEAD
<<<<<<< HEAD
<<<<<<< HEAD
<<<<<<< HEAD
<<<<<<< HEAD
<<<<<<< HEAD
<<<<<<< HEAD
<<<<<<< HEAD
<<<<<<< HEAD
<<<<<<< HEAD
<<<<<<< HEAD
<<<<<<< HEAD
<<<<<<< HEAD
<<<<<<< HEAD
<<<<<<< HEAD
<<<<<<< HEAD
<<<<<<< HEAD
<<<<<<< HEAD
<<<<<<< HEAD
<<<<<<< HEAD
<<<<<<< HEAD
<<<<<<< HEAD
<<<<<<< HEAD
<<<<<<< HEAD
<<<<<<< HEAD
<<<<<<< HEAD
<<<<<<< HEAD
<<<<<<< HEAD
<<<<<<< HEAD
<<<<<<< HEAD
<<<<<<< HEAD
<<<<<<< HEAD
<<<<<<< HEAD
<<<<<<< HEAD
<<<<<<< HEAD
<<<<<<< HEAD
<<<<<<< HEAD
<<<<<<< HEAD
<<<<<<< HEAD
<<<<<<< HEAD
<<<<<<< HEAD
<<<<<<< HEAD
<<<<<<< HEAD
<<<<<<< HEAD
<<<<<<< HEAD
<<<<<<< HEAD
<<<<<<< HEAD
<<<<<<< HEAD
<<<<<<< HEAD
<<<<<<< HEAD
<<<<<<< HEAD
<<<<<<< HEAD
<<<<<<< HEAD
<<<<<<< HEAD
<<<<<<< HEAD
<<<<<<< HEAD
<<<<<<< HEAD
<<<<<<< HEAD
<<<<<<< HEAD
<<<<<<< HEAD
<<<<<<< HEAD
<<<<<<< HEAD
<<<<<<< HEAD
<<<<<<< HEAD
<<<<<<< HEAD
<<<<<<< HEAD
<<<<<<< HEAD
<<<<<<< HEAD
<<<<<<< HEAD
<<<<<<< HEAD
<<<<<<< HEAD
<<<<<<< HEAD
<<<<<<< HEAD
<<<<<<< HEAD
<<<<<<< HEAD
<<<<<<< HEAD
<<<<<<< HEAD
<<<<<<< HEAD
<<<<<<< HEAD
<<<<<<< HEAD
<<<<<<< HEAD
<<<<<<< HEAD
<<<<<<< HEAD
<<<<<<< HEAD
<<<<<<< HEAD
<<<<<<< HEAD
>>>>>>> upstream/18.0
=======
>>>>>>> upstream/18.0
=======
>>>>>>> upstream/18.0
=======
>>>>>>> upstream/18.0
=======
>>>>>>> upstream/18.0
=======
>>>>>>> upstream/18.0
=======
>>>>>>> upstream/18.0
=======
>>>>>>> upstream/18.0
=======
>>>>>>> upstream/18.0
=======
>>>>>>> upstream/18.0
=======
>>>>>>> upstream/18.0
=======
>>>>>>> upstream/18.0
=======
>>>>>>> upstream/18.0
=======
>>>>>>> upstream/18.0
=======
>>>>>>> upstream/18.0
=======
>>>>>>> upstream/18.0
=======
>>>>>>> upstream/18.0
=======
>>>>>>> upstream/18.0
=======
>>>>>>> upstream/18.0
=======
>>>>>>> upstream/18.0
=======
>>>>>>> upstream/18.0
=======
>>>>>>> upstream/18.0
=======
>>>>>>> upstream/18.0
=======
>>>>>>> upstream/18.0
=======
>>>>>>> upstream/18.0
=======
>>>>>>> upstream/18.0
=======
>>>>>>> upstream/18.0
=======
>>>>>>> upstream/18.0
=======
>>>>>>> upstream/18.0
=======
>>>>>>> upstream/18.0
=======
>>>>>>> upstream/18.0
=======
>>>>>>> upstream/18.0
=======
>>>>>>> upstream/18.0
=======
>>>>>>> upstream/18.0
=======
>>>>>>> upstream/18.0
=======
>>>>>>> upstream/18.0
=======
>>>>>>> upstream/18.0
=======
>>>>>>> upstream/18.0
=======
>>>>>>> upstream/18.0
=======
>>>>>>> upstream/18.0
=======
>>>>>>> upstream/18.0
=======
>>>>>>> upstream/18.0
=======
>>>>>>> upstream/18.0
=======
>>>>>>> upstream/18.0
=======
>>>>>>> upstream/18.0
=======
>>>>>>> upstream/18.0
=======
>>>>>>> upstream/18.0
=======
>>>>>>> upstream/18.0
=======
>>>>>>> upstream/18.0
=======
>>>>>>> upstream/18.0
=======
>>>>>>> upstream/18.0
=======
>>>>>>> upstream/18.0
=======
>>>>>>> upstream/18.0
=======
>>>>>>> upstream/18.0
=======
>>>>>>> upstream/18.0
=======
>>>>>>> upstream/18.0
=======
>>>>>>> upstream/18.0
=======
>>>>>>> upstream/18.0
=======
>>>>>>> upstream/18.0
=======
>>>>>>> upstream/18.0
=======
>>>>>>> upstream/18.0
=======
>>>>>>> upstream/18.0
=======
>>>>>>> upstream/18.0
=======
>>>>>>> upstream/18.0
=======
>>>>>>> upstream/18.0
=======
>>>>>>> upstream/18.0
=======
>>>>>>> upstream/18.0
=======
>>>>>>> upstream/18.0
=======
>>>>>>> upstream/18.0
=======
>>>>>>> upstream/18.0
=======
>>>>>>> upstream/18.0
=======
>>>>>>> upstream/18.0
=======
>>>>>>> upstream/18.0
=======
>>>>>>> upstream/18.0
=======
>>>>>>> upstream/18.0
=======
>>>>>>> upstream/18.0
=======
>>>>>>> upstream/18.0
=======
>>>>>>> upstream/18.0
=======
>>>>>>> upstream/18.0
=======
>>>>>>> upstream/18.0
=======
>>>>>>> upstream/18.0
=======
>>>>>>> upstream/18.0
=======
>>>>>>> upstream/18.0
=======
>>>>>>> upstream/18.0
=======
>>>>>>> upstream/18.0
=======
>>>>>>> upstream/18.0
=======
>>>>>>> upstream/18.0
=======
>>>>>>> upstream/18.0
=======
>>>>>>> upstream/18.0
=======
>>>>>>> upstream/18.0
=======
>>>>>>> upstream/18.0
=======
>>>>>>> upstream/18.0
=======
>>>>>>> upstream/18.0
=======
>>>>>>> upstream/18.0
=======
>>>>>>> upstream/18.0
=======
>>>>>>> upstream/18.0
=======
>>>>>>> upstream/18.0
=======
>>>>>>> upstream/18.0
=======
>>>>>>> upstream/18.0
=======
>>>>>>> upstream/18.0
=======
>>>>>>> upstream/18.0
=======
>>>>>>> upstream/18.0
=======
>>>>>>> upstream/18.0
=======
>>>>>>> upstream/18.0
=======
>>>>>>> upstream/18.0
=======
>>>>>>> upstream/18.0
=======
>>>>>>> upstream/18.0
=======
>>>>>>> upstream/18.0
=======
>>>>>>> upstream/18.0
=======
>>>>>>> upstream/18.0
=======
>>>>>>> upstream/18.0
=======
>>>>>>> upstream/18.0
=======
>>>>>>> upstream/18.0
=======
>>>>>>> upstream/18.0
=======
>>>>>>> upstream/18.0
=======
>>>>>>> upstream/18.0
=======
>>>>>>> upstream/18.0
=======
>>>>>>> upstream/18.0
=======
>>>>>>> upstream/18.0
"chart3431","Ordinary bonds","3431","liability_current","False","Trái phiếu thường"
"chart34311","Par value of bonds","34311","liability_current","False","Mệnh giá trái phiếu"
"chart34312","Bond discounts","34312","liability_current","False","Chiết khấu trái phiếu"
"chart34313","Bond premiums","34313","liability_current","False","Phụ trội trái phiếu"
"chart3432","Convertible bonds","3432","liability_current","False","Trái phiếu chuyển đổi"
<<<<<<< HEAD
<<<<<<< HEAD
<<<<<<< HEAD
<<<<<<< HEAD
<<<<<<< HEAD
<<<<<<< HEAD
<<<<<<< HEAD
<<<<<<< HEAD
<<<<<<< HEAD
<<<<<<< HEAD
<<<<<<< HEAD
<<<<<<< HEAD
<<<<<<< HEAD
<<<<<<< HEAD
<<<<<<< HEAD
<<<<<<< HEAD
<<<<<<< HEAD
<<<<<<< HEAD
<<<<<<< HEAD
<<<<<<< HEAD
<<<<<<< HEAD
<<<<<<< HEAD
<<<<<<< HEAD
<<<<<<< HEAD
<<<<<<< HEAD
<<<<<<< HEAD
<<<<<<< HEAD
<<<<<<< HEAD
<<<<<<< HEAD
<<<<<<< HEAD
<<<<<<< HEAD
<<<<<<< HEAD
<<<<<<< HEAD
<<<<<<< HEAD
<<<<<<< HEAD
<<<<<<< HEAD
<<<<<<< HEAD
<<<<<<< HEAD
<<<<<<< HEAD
<<<<<<< HEAD
<<<<<<< HEAD
<<<<<<< HEAD
<<<<<<< HEAD
<<<<<<< HEAD
<<<<<<< HEAD
<<<<<<< HEAD
<<<<<<< HEAD
<<<<<<< HEAD
<<<<<<< HEAD
<<<<<<< HEAD
<<<<<<< HEAD
<<<<<<< HEAD
<<<<<<< HEAD
<<<<<<< HEAD
<<<<<<< HEAD
<<<<<<< HEAD
<<<<<<< HEAD
<<<<<<< HEAD
<<<<<<< HEAD
<<<<<<< HEAD
<<<<<<< HEAD
<<<<<<< HEAD
<<<<<<< HEAD
<<<<<<< HEAD
<<<<<<< HEAD
<<<<<<< HEAD
<<<<<<< HEAD
<<<<<<< HEAD
<<<<<<< HEAD
<<<<<<< HEAD
<<<<<<< HEAD
<<<<<<< HEAD
<<<<<<< HEAD
<<<<<<< HEAD
<<<<<<< HEAD
<<<<<<< HEAD
<<<<<<< HEAD
<<<<<<< HEAD
<<<<<<< HEAD
<<<<<<< HEAD
<<<<<<< HEAD
<<<<<<< HEAD
<<<<<<< HEAD
<<<<<<< HEAD
<<<<<<< HEAD
<<<<<<< HEAD
<<<<<<< HEAD
<<<<<<< HEAD
<<<<<<< HEAD
<<<<<<< HEAD
<<<<<<< HEAD
<<<<<<< HEAD
<<<<<<< HEAD
<<<<<<< HEAD
<<<<<<< HEAD
<<<<<<< HEAD
<<<<<<< HEAD
<<<<<<< HEAD
<<<<<<< HEAD
<<<<<<< HEAD
<<<<<<< HEAD
<<<<<<< HEAD
<<<<<<< HEAD
<<<<<<< HEAD
<<<<<<< HEAD
<<<<<<< HEAD
<<<<<<< HEAD
<<<<<<< HEAD
<<<<<<< HEAD
<<<<<<< HEAD
<<<<<<< HEAD
<<<<<<< HEAD
<<<<<<< HEAD
<<<<<<< HEAD
<<<<<<< HEAD
<<<<<<< HEAD
<<<<<<< HEAD
<<<<<<< HEAD
<<<<<<< HEAD
"chart344","Deposits received","344","liability_current","False","Nhận ký quỹ, ký cược"
"chart347","Deferred tax liabilities","347","liability_current","False","Thuế thu nhập hoãn lại phải trả"
"chart3521","Product warranty provisions","3521","liability_current","False","Dự phòng bảo hành sản phẩm hàng hóa"
"chart3522","Construction warranty provisions","3522","liability_current","False","Dự phòng bảo hành công trình xây dựng"
"chart3523","Enterprise restructuring provisions","3523","liability_current","False","Dự phòng tái cơ cấu doanh nghiệp"
"chart3524","Other provisions","3524","liability_current","False","Dự phòng phải trả khác"
=======
=======
>>>>>>> upstream/18.0
=======
>>>>>>> upstream/18.0
=======
>>>>>>> upstream/18.0
=======
>>>>>>> upstream/18.0
=======
>>>>>>> upstream/18.0
=======
>>>>>>> upstream/18.0
=======
>>>>>>> upstream/18.0
=======
>>>>>>> upstream/18.0
=======
>>>>>>> upstream/18.0
=======
>>>>>>> upstream/18.0
=======
>>>>>>> upstream/18.0
=======
>>>>>>> upstream/18.0
=======
>>>>>>> upstream/18.0
=======
>>>>>>> upstream/18.0
=======
>>>>>>> upstream/18.0
=======
>>>>>>> upstream/18.0
=======
>>>>>>> upstream/18.0
=======
>>>>>>> upstream/18.0
=======
>>>>>>> upstream/18.0
=======
>>>>>>> upstream/18.0
=======
>>>>>>> upstream/18.0
=======
>>>>>>> upstream/18.0
=======
>>>>>>> upstream/18.0
=======
>>>>>>> upstream/18.0
=======
>>>>>>> upstream/18.0
=======
>>>>>>> upstream/18.0
=======
>>>>>>> upstream/18.0
=======
>>>>>>> upstream/18.0
=======
>>>>>>> upstream/18.0
=======
>>>>>>> upstream/18.0
=======
>>>>>>> upstream/18.0
=======
>>>>>>> upstream/18.0
=======
>>>>>>> upstream/18.0
=======
>>>>>>> upstream/18.0
=======
>>>>>>> upstream/18.0
=======
>>>>>>> upstream/18.0
=======
>>>>>>> upstream/18.0
=======
>>>>>>> upstream/18.0
=======
>>>>>>> upstream/18.0
=======
>>>>>>> upstream/18.0
=======
>>>>>>> upstream/18.0
=======
>>>>>>> upstream/18.0
=======
>>>>>>> upstream/18.0
=======
>>>>>>> upstream/18.0
=======
>>>>>>> upstream/18.0
=======
>>>>>>> upstream/18.0
=======
>>>>>>> upstream/18.0
=======
>>>>>>> upstream/18.0
=======
>>>>>>> upstream/18.0
=======
>>>>>>> upstream/18.0
=======
>>>>>>> upstream/18.0
=======
>>>>>>> upstream/18.0
=======
>>>>>>> upstream/18.0
=======
>>>>>>> upstream/18.0
=======
>>>>>>> upstream/18.0
=======
>>>>>>> upstream/18.0
=======
>>>>>>> upstream/18.0
=======
>>>>>>> upstream/18.0
=======
>>>>>>> upstream/18.0
=======
>>>>>>> upstream/18.0
=======
>>>>>>> upstream/18.0
=======
>>>>>>> upstream/18.0
=======
>>>>>>> upstream/18.0
=======
>>>>>>> upstream/18.0
=======
>>>>>>> upstream/18.0
=======
>>>>>>> upstream/18.0
=======
>>>>>>> upstream/18.0
=======
>>>>>>> upstream/18.0
=======
>>>>>>> upstream/18.0
=======
>>>>>>> upstream/18.0
=======
>>>>>>> upstream/18.0
=======
>>>>>>> upstream/18.0
=======
>>>>>>> upstream/18.0
=======
>>>>>>> upstream/18.0
=======
>>>>>>> upstream/18.0
=======
>>>>>>> upstream/18.0
=======
>>>>>>> upstream/18.0
=======
>>>>>>> upstream/18.0
=======
>>>>>>> upstream/18.0
=======
>>>>>>> upstream/18.0
=======
>>>>>>> upstream/18.0
=======
>>>>>>> upstream/18.0
=======
>>>>>>> upstream/18.0
=======
>>>>>>> upstream/18.0
=======
>>>>>>> upstream/18.0
=======
>>>>>>> upstream/18.0
=======
>>>>>>> upstream/18.0
=======
>>>>>>> upstream/18.0
=======
>>>>>>> upstream/18.0
=======
>>>>>>> upstream/18.0
=======
>>>>>>> upstream/18.0
=======
>>>>>>> upstream/18.0
=======
>>>>>>> upstream/18.0
=======
>>>>>>> upstream/18.0
=======
>>>>>>> upstream/18.0
=======
>>>>>>> upstream/18.0
=======
>>>>>>> upstream/18.0
=======
>>>>>>> upstream/18.0
=======
>>>>>>> upstream/18.0
=======
>>>>>>> upstream/18.0
=======
>>>>>>> upstream/18.0
=======
>>>>>>> upstream/18.0
=======
>>>>>>> upstream/18.0
=======
>>>>>>> upstream/18.0
=======
>>>>>>> upstream/18.0
=======
>>>>>>> upstream/18.0
=======
>>>>>>> upstream/18.0
=======
>>>>>>> upstream/18.0
=======
>>>>>>> upstream/18.0
=======
>>>>>>> upstream/18.0
=======
>>>>>>> upstream/18.0
=======
>>>>>>> upstream/18.0
=======
>>>>>>> upstream/18.0
=======
>>>>>>> upstream/18.0
=======
>>>>>>> upstream/18.0
=======
>>>>>>> upstream/18.0
=======
>>>>>>> upstream/18.0
=======
>>>>>>> upstream/18.0
"chart3441","Deposits received - short term","3441","liability_current","False","Nhận ký quỹ, ký cược - ngắn hạn"
"chart3442","Deposits received - long term","3442","liability_current","False","Nhận ký quỹ, ký cược - dài hạn"
"chart347","Deferred tax liabilities","347","liability_current","False","Thuế thu nhập hoãn lại phải trả"
"chart3521","Product warranty provisions","3521","liability_current","False","Dự phòng bảo hành sản phẩm hàng hóa"
"chart35211","Product warranty provisions - short term","35211","liability_current","False","Dự phòng bảo hành sản phẩm hàng hoá - ngắn hạn"
"chart35212","Product warranty provisions - long term","35212","liability_current","False","Dự phòng bảo hành sản phẩm hàng hoá - dài hạn"
"chart3522","Construction warranty provisions","3522","liability_current","False","Dự phòng bảo hành công trình xây dựng"
"chart35221","Construction warranty provisions - short term","35221","liability_current","False","Dự phòng bảo hành công trình xây dựng - ngắn hạn"
"chart35222","Construction warranty provisions - long term","35222","liability_current","False","Dự phòng bảo hành công trình xây dựng - dài hạn"
"chart3523","Enterprise restructuring provisions","3523","liability_current","False","Dự phòng tái cơ cấu doanh nghiệp"
"chart35231","Enterprise restructuring provisions - short term","35231","liability_current","False","Dự phòng tái cơ cấu doanh nghiệp - ngắn hạn"
"chart35232","Enterprise restructuring provisions - long term","35232","liability_current","False","Dự phòng tái cơ cấu doanh nghiệp - dài hạn"
"chart3524","Other provisions","3524","liability_current","False","Dự phòng phải trả khác"
"chart35241","Other provisions - short term","35241","liability_current","False","Dự phòng phải trả khác - ngắn hạn"
"chart35242","Other provisions - long term","35242","liability_current","False","Dự phòng phải trả khác - dài hạn"
<<<<<<< HEAD
<<<<<<< HEAD
<<<<<<< HEAD
<<<<<<< HEAD
<<<<<<< HEAD
<<<<<<< HEAD
<<<<<<< HEAD
<<<<<<< HEAD
<<<<<<< HEAD
<<<<<<< HEAD
<<<<<<< HEAD
<<<<<<< HEAD
<<<<<<< HEAD
<<<<<<< HEAD
<<<<<<< HEAD
<<<<<<< HEAD
<<<<<<< HEAD
<<<<<<< HEAD
<<<<<<< HEAD
<<<<<<< HEAD
<<<<<<< HEAD
<<<<<<< HEAD
<<<<<<< HEAD
<<<<<<< HEAD
<<<<<<< HEAD
<<<<<<< HEAD
<<<<<<< HEAD
<<<<<<< HEAD
<<<<<<< HEAD
<<<<<<< HEAD
<<<<<<< HEAD
<<<<<<< HEAD
<<<<<<< HEAD
<<<<<<< HEAD
<<<<<<< HEAD
<<<<<<< HEAD
<<<<<<< HEAD
<<<<<<< HEAD
<<<<<<< HEAD
<<<<<<< HEAD
<<<<<<< HEAD
<<<<<<< HEAD
<<<<<<< HEAD
<<<<<<< HEAD
<<<<<<< HEAD
<<<<<<< HEAD
<<<<<<< HEAD
<<<<<<< HEAD
<<<<<<< HEAD
<<<<<<< HEAD
<<<<<<< HEAD
<<<<<<< HEAD
<<<<<<< HEAD
<<<<<<< HEAD
<<<<<<< HEAD
<<<<<<< HEAD
<<<<<<< HEAD
<<<<<<< HEAD
<<<<<<< HEAD
<<<<<<< HEAD
<<<<<<< HEAD
<<<<<<< HEAD
<<<<<<< HEAD
<<<<<<< HEAD
<<<<<<< HEAD
<<<<<<< HEAD
<<<<<<< HEAD
<<<<<<< HEAD
<<<<<<< HEAD
<<<<<<< HEAD
<<<<<<< HEAD
<<<<<<< HEAD
<<<<<<< HEAD
<<<<<<< HEAD
<<<<<<< HEAD
<<<<<<< HEAD
<<<<<<< HEAD
<<<<<<< HEAD
<<<<<<< HEAD
<<<<<<< HEAD
<<<<<<< HEAD
<<<<<<< HEAD
<<<<<<< HEAD
<<<<<<< HEAD
<<<<<<< HEAD
<<<<<<< HEAD
<<<<<<< HEAD
<<<<<<< HEAD
<<<<<<< HEAD
<<<<<<< HEAD
<<<<<<< HEAD
<<<<<<< HEAD
<<<<<<< HEAD
<<<<<<< HEAD
<<<<<<< HEAD
<<<<<<< HEAD
<<<<<<< HEAD
<<<<<<< HEAD
<<<<<<< HEAD
<<<<<<< HEAD
<<<<<<< HEAD
<<<<<<< HEAD
<<<<<<< HEAD
<<<<<<< HEAD
<<<<<<< HEAD
<<<<<<< HEAD
<<<<<<< HEAD
<<<<<<< HEAD
<<<<<<< HEAD
<<<<<<< HEAD
<<<<<<< HEAD
<<<<<<< HEAD
<<<<<<< HEAD
<<<<<<< HEAD
<<<<<<< HEAD
<<<<<<< HEAD
<<<<<<< HEAD
<<<<<<< HEAD
>>>>>>> upstream/18.0
=======
>>>>>>> upstream/18.0
=======
>>>>>>> upstream/18.0
=======
>>>>>>> upstream/18.0
=======
>>>>>>> upstream/18.0
=======
>>>>>>> upstream/18.0
=======
>>>>>>> upstream/18.0
=======
>>>>>>> upstream/18.0
=======
>>>>>>> upstream/18.0
=======
>>>>>>> upstream/18.0
=======
>>>>>>> upstream/18.0
=======
>>>>>>> upstream/18.0
=======
>>>>>>> upstream/18.0
=======
>>>>>>> upstream/18.0
=======
>>>>>>> upstream/18.0
=======
>>>>>>> upstream/18.0
=======
>>>>>>> upstream/18.0
=======
>>>>>>> upstream/18.0
=======
>>>>>>> upstream/18.0
=======
>>>>>>> upstream/18.0
=======
>>>>>>> upstream/18.0
=======
>>>>>>> upstream/18.0
=======
>>>>>>> upstream/18.0
=======
>>>>>>> upstream/18.0
=======
>>>>>>> upstream/18.0
=======
>>>>>>> upstream/18.0
=======
>>>>>>> upstream/18.0
=======
>>>>>>> upstream/18.0
=======
>>>>>>> upstream/18.0
=======
>>>>>>> upstream/18.0
=======
>>>>>>> upstream/18.0
=======
>>>>>>> upstream/18.0
=======
>>>>>>> upstream/18.0
=======
>>>>>>> upstream/18.0
=======
>>>>>>> upstream/18.0
=======
>>>>>>> upstream/18.0
=======
>>>>>>> upstream/18.0
=======
>>>>>>> upstream/18.0
=======
>>>>>>> upstream/18.0
=======
>>>>>>> upstream/18.0
=======
>>>>>>> upstream/18.0
=======
>>>>>>> upstream/18.0
=======
>>>>>>> upstream/18.0
=======
>>>>>>> upstream/18.0
=======
>>>>>>> upstream/18.0
=======
>>>>>>> upstream/18.0
=======
>>>>>>> upstream/18.0
=======
>>>>>>> upstream/18.0
=======
>>>>>>> upstream/18.0
=======
>>>>>>> upstream/18.0
=======
>>>>>>> upstream/18.0
=======
>>>>>>> upstream/18.0
=======
>>>>>>> upstream/18.0
=======
>>>>>>> upstream/18.0
=======
>>>>>>> upstream/18.0
=======
>>>>>>> upstream/18.0
=======
>>>>>>> upstream/18.0
=======
>>>>>>> upstream/18.0
=======
>>>>>>> upstream/18.0
=======
>>>>>>> upstream/18.0
=======
>>>>>>> upstream/18.0
=======
>>>>>>> upstream/18.0
=======
>>>>>>> upstream/18.0
=======
>>>>>>> upstream/18.0
=======
>>>>>>> upstream/18.0
=======
>>>>>>> upstream/18.0
=======
>>>>>>> upstream/18.0
=======
>>>>>>> upstream/18.0
=======
>>>>>>> upstream/18.0
=======
>>>>>>> upstream/18.0
=======
>>>>>>> upstream/18.0
=======
>>>>>>> upstream/18.0
=======
>>>>>>> upstream/18.0
=======
>>>>>>> upstream/18.0
=======
>>>>>>> upstream/18.0
=======
>>>>>>> upstream/18.0
=======
>>>>>>> upstream/18.0
=======
>>>>>>> upstream/18.0
=======
>>>>>>> upstream/18.0
=======
>>>>>>> upstream/18.0
=======
>>>>>>> upstream/18.0
=======
>>>>>>> upstream/18.0
=======
>>>>>>> upstream/18.0
=======
>>>>>>> upstream/18.0
=======
>>>>>>> upstream/18.0
=======
>>>>>>> upstream/18.0
=======
>>>>>>> upstream/18.0
=======
>>>>>>> upstream/18.0
=======
>>>>>>> upstream/18.0
=======
>>>>>>> upstream/18.0
=======
>>>>>>> upstream/18.0
=======
>>>>>>> upstream/18.0
=======
>>>>>>> upstream/18.0
=======
>>>>>>> upstream/18.0
=======
>>>>>>> upstream/18.0
=======
>>>>>>> upstream/18.0
=======
>>>>>>> upstream/18.0
=======
>>>>>>> upstream/18.0
=======
>>>>>>> upstream/18.0
=======
>>>>>>> upstream/18.0
=======
>>>>>>> upstream/18.0
=======
>>>>>>> upstream/18.0
=======
>>>>>>> upstream/18.0
=======
>>>>>>> upstream/18.0
=======
>>>>>>> upstream/18.0
=======
>>>>>>> upstream/18.0
=======
>>>>>>> upstream/18.0
=======
>>>>>>> upstream/18.0
=======
>>>>>>> upstream/18.0
=======
>>>>>>> upstream/18.0
=======
>>>>>>> upstream/18.0
=======
>>>>>>> upstream/18.0
=======
>>>>>>> upstream/18.0
=======
>>>>>>> upstream/18.0
=======
>>>>>>> upstream/18.0
=======
>>>>>>> upstream/18.0
=======
>>>>>>> upstream/18.0
=======
>>>>>>> upstream/18.0
=======
>>>>>>> upstream/18.0
=======
=======
>>>>>>> upstream/18.0
=======
>>>>>>> upstream/18.0
=======
>>>>>>> upstream/18.0
=======
>>>>>>> upstream/18.0
=======
>>>>>>> upstream/18.0
=======
>>>>>>> upstream/18.0
=======
>>>>>>> upstream/18.0
=======
>>>>>>> upstream/18.0
=======
>>>>>>> upstream/18.0
=======
>>>>>>> upstream/18.0
=======
>>>>>>> upstream/18.0
=======
>>>>>>> upstream/18.0
=======
>>>>>>> upstream/18.0
=======
>>>>>>> upstream/18.0
=======
>>>>>>> upstream/18.0
=======
>>>>>>> upstream/18.0
=======
>>>>>>> upstream/18.0
=======
>>>>>>> upstream/18.0
=======
>>>>>>> upstream/18.0
=======
>>>>>>> upstream/18.0
=======
>>>>>>> upstream/18.0
=======
>>>>>>> upstream/18.0
=======
>>>>>>> upstream/18.0
=======
>>>>>>> upstream/18.0
=======
>>>>>>> upstream/18.0
=======
>>>>>>> upstream/18.0
=======
>>>>>>> upstream/18.0
=======
>>>>>>> upstream/18.0
=======
>>>>>>> upstream/18.0
=======
>>>>>>> upstream/18.0
=======
>>>>>>> upstream/18.0
=======
>>>>>>> upstream/18.0
"chart34311","Ordinary bonds - Short term","34311","liability_current","False","Trái phiếu thường - ngắn hạn"
"chart34312","Ordinary bonds - Long term","34312","liability_current","False","Trái phiếu thường - dài hạn"
"chart3432","Convertible bonds","3432","liability_current","False","Trái phiếu chuyển đổi"
"chart3441","Deposits received - short term","3441","liability_current","False","Nhận ký quỹ, ký cược - ngắn hạn"
"chart3442","Deposits received - long term","3442","liability_current","False","Nhận ký quỹ, ký cược - dài hạn"
"chart347","Deferred tax liabilities","347","liability_current","False","Thuế thu nhập hoãn lại phải trả"
"chart35211","Product warranty provisions - short term","35211","liability_current","False","Dự phòng bảo hành sản phẩm hàng hoá - ngắn hạn"
"chart35212","Product warranty provisions - long term","35212","liability_current","False","Dự phòng bảo hành sản phẩm hàng hoá - dài hạn"
"chart35221","Construction warranty provisions - short term","35221","liability_current","False","Dự phòng bảo hành công trình xây dựng - ngắn hạn"
"chart35222","Construction warranty provisions - long term","35222","liability_current","False","Dự phòng bảo hành công trình xây dựng - dài hạn"
"chart35231","Enterprise restructuring provisions - short term","35231","liability_current","False","Dự phòng tái cơ cấu doanh nghiệp - ngắn hạn"
"chart35232","Enterprise restructuring provisions - long term","35232","liability_current","False","Dự phòng tái cơ cấu doanh nghiệp - dài hạn"
"chart35241","Other provisions - short term","35251","liability_current","False","Dự phòng phải trả khác - ngắn hạn"
"chart35242","Other provisions - long term","35252","liability_current","False","Dự phòng phải trả khác - dài hạn"
<<<<<<< HEAD
<<<<<<< HEAD
<<<<<<< HEAD
<<<<<<< HEAD
<<<<<<< HEAD
<<<<<<< HEAD
<<<<<<< HEAD
<<<<<<< HEAD
<<<<<<< HEAD
<<<<<<< HEAD
<<<<<<< HEAD
<<<<<<< HEAD
<<<<<<< HEAD
<<<<<<< HEAD
<<<<<<< HEAD
<<<<<<< HEAD
<<<<<<< HEAD
<<<<<<< HEAD
<<<<<<< HEAD
<<<<<<< HEAD
<<<<<<< HEAD
<<<<<<< HEAD
<<<<<<< HEAD
<<<<<<< HEAD
<<<<<<< HEAD
<<<<<<< HEAD
<<<<<<< HEAD
<<<<<<< HEAD
<<<<<<< HEAD
<<<<<<< HEAD
<<<<<<< HEAD
<<<<<<< HEAD
>>>>>>> upstream/18.0
=======
>>>>>>> upstream/18.0
=======
>>>>>>> upstream/18.0
=======
>>>>>>> upstream/18.0
=======
>>>>>>> upstream/18.0
=======
>>>>>>> upstream/18.0
=======
>>>>>>> upstream/18.0
=======
>>>>>>> upstream/18.0
=======
>>>>>>> upstream/18.0
=======
>>>>>>> upstream/18.0
=======
>>>>>>> upstream/18.0
=======
>>>>>>> upstream/18.0
=======
>>>>>>> upstream/18.0
=======
>>>>>>> upstream/18.0
=======
>>>>>>> upstream/18.0
=======
>>>>>>> upstream/18.0
=======
>>>>>>> upstream/18.0
=======
>>>>>>> upstream/18.0
=======
>>>>>>> upstream/18.0
=======
>>>>>>> upstream/18.0
=======
>>>>>>> upstream/18.0
=======
>>>>>>> upstream/18.0
=======
>>>>>>> upstream/18.0
=======
>>>>>>> upstream/18.0
=======
>>>>>>> upstream/18.0
=======
>>>>>>> upstream/18.0
=======
>>>>>>> upstream/18.0
=======
>>>>>>> upstream/18.0
=======
>>>>>>> upstream/18.0
=======
>>>>>>> upstream/18.0
=======
>>>>>>> upstream/18.0
=======
>>>>>>> upstream/18.0
=======
>>>>>>> upstream/18.0
"chart3531","Bonus fund","3531","liability_current","False","Quỹ khen thưởng"
"chart3532","Welfare fund","3532","liability_current","False","Quỹ phúc lợi"
"chart3533","Welfare fund used for fixed asset acquisitions","3533","liability_current","False","Quỹ phúc lợi đã hình thành TSCĐ"
"chart3534","Management bonus fund","3534","liability_current","False","Quỹ thưởng ban quản lý điều hành công ty"
"chart3561","Science and technology development fund","3561","liability_current","False","Quỹ phát triển khoa học và công nghệ"
"chart3562","Science and technology development fund used for fixed asset acquisition","3562","liability_current","False","Quỹ phát triển khoa học và công nghệ đã hình thành TSCĐ"
"chart357","Price stabilization fund","357","liability_current","False","Quỹ bình ổn giá"
"chart41111","Ordinary shares with voting rights","41111","equity","False","Cổ phiếu phổ thông có quyền biểu quyết"
<<<<<<< HEAD
<<<<<<< HEAD
<<<<<<< HEAD
<<<<<<< HEAD
<<<<<<< HEAD
<<<<<<< HEAD
<<<<<<< HEAD
<<<<<<< HEAD
<<<<<<< HEAD
<<<<<<< HEAD
<<<<<<< HEAD
<<<<<<< HEAD
<<<<<<< HEAD
<<<<<<< HEAD
<<<<<<< HEAD
<<<<<<< HEAD
<<<<<<< HEAD
<<<<<<< HEAD
<<<<<<< HEAD
<<<<<<< HEAD
<<<<<<< HEAD
<<<<<<< HEAD
<<<<<<< HEAD
<<<<<<< HEAD
<<<<<<< HEAD
<<<<<<< HEAD
<<<<<<< HEAD
<<<<<<< HEAD
<<<<<<< HEAD
<<<<<<< HEAD
<<<<<<< HEAD
<<<<<<< HEAD
<<<<<<< HEAD
<<<<<<< HEAD
<<<<<<< HEAD
<<<<<<< HEAD
<<<<<<< HEAD
<<<<<<< HEAD
<<<<<<< HEAD
<<<<<<< HEAD
<<<<<<< HEAD
<<<<<<< HEAD
<<<<<<< HEAD
<<<<<<< HEAD
<<<<<<< HEAD
<<<<<<< HEAD
<<<<<<< HEAD
<<<<<<< HEAD
<<<<<<< HEAD
<<<<<<< HEAD
<<<<<<< HEAD
<<<<<<< HEAD
<<<<<<< HEAD
<<<<<<< HEAD
<<<<<<< HEAD
<<<<<<< HEAD
<<<<<<< HEAD
<<<<<<< HEAD
<<<<<<< HEAD
<<<<<<< HEAD
<<<<<<< HEAD
<<<<<<< HEAD
<<<<<<< HEAD
<<<<<<< HEAD
<<<<<<< HEAD
<<<<<<< HEAD
<<<<<<< HEAD
<<<<<<< HEAD
<<<<<<< HEAD
<<<<<<< HEAD
<<<<<<< HEAD
<<<<<<< HEAD
<<<<<<< HEAD
<<<<<<< HEAD
<<<<<<< HEAD
<<<<<<< HEAD
<<<<<<< HEAD
<<<<<<< HEAD
<<<<<<< HEAD
<<<<<<< HEAD
<<<<<<< HEAD
<<<<<<< HEAD
<<<<<<< HEAD
<<<<<<< HEAD
<<<<<<< HEAD
<<<<<<< HEAD
<<<<<<< HEAD
<<<<<<< HEAD
<<<<<<< HEAD
<<<<<<< HEAD
<<<<<<< HEAD
<<<<<<< HEAD
<<<<<<< HEAD
<<<<<<< HEAD
<<<<<<< HEAD
<<<<<<< HEAD
<<<<<<< HEAD
<<<<<<< HEAD
<<<<<<< HEAD
<<<<<<< HEAD
<<<<<<< HEAD
<<<<<<< HEAD
<<<<<<< HEAD
<<<<<<< HEAD
<<<<<<< HEAD
<<<<<<< HEAD
<<<<<<< HEAD
<<<<<<< HEAD
<<<<<<< HEAD
<<<<<<< HEAD
<<<<<<< HEAD
<<<<<<< HEAD
<<<<<<< HEAD
<<<<<<< HEAD
<<<<<<< HEAD
<<<<<<< HEAD
<<<<<<< HEAD
<<<<<<< HEAD
<<<<<<< HEAD
<<<<<<< HEAD
<<<<<<< HEAD
<<<<<<< HEAD
<<<<<<< HEAD
<<<<<<< HEAD
<<<<<<< HEAD
<<<<<<< HEAD
<<<<<<< HEAD
<<<<<<< HEAD
<<<<<<< HEAD
<<<<<<< HEAD
<<<<<<< HEAD
<<<<<<< HEAD
<<<<<<< HEAD
<<<<<<< HEAD
<<<<<<< HEAD
<<<<<<< HEAD
<<<<<<< HEAD
<<<<<<< HEAD
<<<<<<< HEAD
<<<<<<< HEAD
<<<<<<< HEAD
<<<<<<< HEAD
<<<<<<< HEAD
<<<<<<< HEAD
<<<<<<< HEAD
<<<<<<< HEAD
<<<<<<< HEAD
<<<<<<< HEAD
<<<<<<< HEAD
<<<<<<< HEAD
<<<<<<< HEAD
<<<<<<< HEAD
"chart41112","Preference shares","41112","equity","False","Cổ phiếu ưu đãi"
=======
"chart411121","Preference shares - Liability","411121","liability_current","False","Cổ phiếu ưu đãi - nợ phải trả"
"chart411122","Preference shares - Equity","411122","equity","False","Cổ phiếu ưu - vốn chủ sở hữu"
>>>>>>> upstream/18.0
=======
"chart411121","Preference shares - Liability","411121","liability_current","False","Cổ phiếu ưu đãi - nợ phải trả"
"chart411122","Preference shares - Equity","411122","equity","False","Cổ phiếu ưu - vốn chủ sở hữu"
>>>>>>> upstream/18.0
=======
"chart411121","Preference shares - Liability","411121","liability_current","False","Cổ phiếu ưu đãi - nợ phải trả"
"chart411122","Preference shares - Equity","411122","equity","False","Cổ phiếu ưu - vốn chủ sở hữu"
>>>>>>> upstream/18.0
=======
"chart411121","Preference shares - Liability","411121","liability_current","False","Cổ phiếu ưu đãi - nợ phải trả"
"chart411122","Preference shares - Equity","411122","equity","False","Cổ phiếu ưu - vốn chủ sở hữu"
>>>>>>> upstream/18.0
=======
"chart411121","Preference shares - Liability","411121","liability_current","False","Cổ phiếu ưu đãi - nợ phải trả"
"chart411122","Preference shares - Equity","411122","equity","False","Cổ phiếu ưu - vốn chủ sở hữu"
>>>>>>> upstream/18.0
=======
"chart411121","Preference shares - Liability","411121","liability_current","False","Cổ phiếu ưu đãi - nợ phải trả"
"chart411122","Preference shares - Equity","411122","equity","False","Cổ phiếu ưu - vốn chủ sở hữu"
>>>>>>> upstream/18.0
=======
"chart411121","Preference shares - Liability","411121","liability_current","False","Cổ phiếu ưu đãi - nợ phải trả"
"chart411122","Preference shares - Equity","411122","equity","False","Cổ phiếu ưu - vốn chủ sở hữu"
>>>>>>> upstream/18.0
=======
"chart411121","Preference shares - Liability","411121","liability_current","False","Cổ phiếu ưu đãi - nợ phải trả"
"chart411122","Preference shares - Equity","411122","equity","False","Cổ phiếu ưu - vốn chủ sở hữu"
>>>>>>> upstream/18.0
=======
"chart411121","Preference shares - Liability","411121","liability_current","False","Cổ phiếu ưu đãi - nợ phải trả"
"chart411122","Preference shares - Equity","411122","equity","False","Cổ phiếu ưu - vốn chủ sở hữu"
>>>>>>> upstream/18.0
=======
"chart411121","Preference shares - Liability","411121","liability_current","False","Cổ phiếu ưu đãi - nợ phải trả"
"chart411122","Preference shares - Equity","411122","equity","False","Cổ phiếu ưu - vốn chủ sở hữu"
>>>>>>> upstream/18.0
=======
"chart411121","Preference shares - Liability","411121","liability_current","False","Cổ phiếu ưu đãi - nợ phải trả"
"chart411122","Preference shares - Equity","411122","equity","False","Cổ phiếu ưu - vốn chủ sở hữu"
>>>>>>> upstream/18.0
=======
"chart411121","Preference shares - Liability","411121","liability_current","False","Cổ phiếu ưu đãi - nợ phải trả"
"chart411122","Preference shares - Equity","411122","equity","False","Cổ phiếu ưu - vốn chủ sở hữu"
>>>>>>> upstream/18.0
=======
"chart411121","Preference shares - Liability","411121","liability_current","False","Cổ phiếu ưu đãi - nợ phải trả"
"chart411122","Preference shares - Equity","411122","equity","False","Cổ phiếu ưu - vốn chủ sở hữu"
>>>>>>> upstream/18.0
=======
"chart411121","Preference shares - Liability","411121","liability_current","False","Cổ phiếu ưu đãi - nợ phải trả"
"chart411122","Preference shares - Equity","411122","equity","False","Cổ phiếu ưu - vốn chủ sở hữu"
>>>>>>> upstream/18.0
=======
"chart411121","Preference shares - Liability","411121","liability_current","False","Cổ phiếu ưu đãi - nợ phải trả"
"chart411122","Preference shares - Equity","411122","equity","False","Cổ phiếu ưu - vốn chủ sở hữu"
>>>>>>> upstream/18.0
=======
"chart411121","Preference shares - Liability","411121","liability_current","False","Cổ phiếu ưu đãi - nợ phải trả"
"chart411122","Preference shares - Equity","411122","equity","False","Cổ phiếu ưu - vốn chủ sở hữu"
>>>>>>> upstream/18.0
=======
"chart411121","Preference shares - Liability","411121","liability_current","False","Cổ phiếu ưu đãi - nợ phải trả"
"chart411122","Preference shares - Equity","411122","equity","False","Cổ phiếu ưu - vốn chủ sở hữu"
>>>>>>> upstream/18.0
=======
"chart411121","Preference shares - Liability","411121","liability_current","False","Cổ phiếu ưu đãi - nợ phải trả"
"chart411122","Preference shares - Equity","411122","equity","False","Cổ phiếu ưu - vốn chủ sở hữu"
>>>>>>> upstream/18.0
=======
"chart411121","Preference shares - Liability","411121","liability_current","False","Cổ phiếu ưu đãi - nợ phải trả"
"chart411122","Preference shares - Equity","411122","equity","False","Cổ phiếu ưu - vốn chủ sở hữu"
>>>>>>> upstream/18.0
=======
"chart411121","Preference shares - Liability","411121","liability_current","False","Cổ phiếu ưu đãi - nợ phải trả"
"chart411122","Preference shares - Equity","411122","equity","False","Cổ phiếu ưu - vốn chủ sở hữu"
>>>>>>> upstream/18.0
=======
"chart411121","Preference shares - Liability","411121","liability_current","False","Cổ phiếu ưu đãi - nợ phải trả"
"chart411122","Preference shares - Equity","411122","equity","False","Cổ phiếu ưu - vốn chủ sở hữu"
>>>>>>> upstream/18.0
=======
"chart411121","Preference shares - Liability","411121","liability_current","False","Cổ phiếu ưu đãi - nợ phải trả"
"chart411122","Preference shares - Equity","411122","equity","False","Cổ phiếu ưu - vốn chủ sở hữu"
>>>>>>> upstream/18.0
=======
"chart411121","Preference shares - Liability","411121","liability_current","False","Cổ phiếu ưu đãi - nợ phải trả"
"chart411122","Preference shares - Equity","411122","equity","False","Cổ phiếu ưu - vốn chủ sở hữu"
>>>>>>> upstream/18.0
=======
"chart411121","Preference shares - Liability","411121","liability_current","False","Cổ phiếu ưu đãi - nợ phải trả"
"chart411122","Preference shares - Equity","411122","equity","False","Cổ phiếu ưu - vốn chủ sở hữu"
>>>>>>> upstream/18.0
=======
"chart411121","Preference shares - Liability","411121","liability_current","False","Cổ phiếu ưu đãi - nợ phải trả"
"chart411122","Preference shares - Equity","411122","equity","False","Cổ phiếu ưu - vốn chủ sở hữu"
>>>>>>> upstream/18.0
=======
"chart411121","Preference shares - Liability","411121","liability_current","False","Cổ phiếu ưu đãi - nợ phải trả"
"chart411122","Preference shares - Equity","411122","equity","False","Cổ phiếu ưu - vốn chủ sở hữu"
>>>>>>> upstream/18.0
=======
"chart411121","Preference shares - Liability","411121","liability_current","False","Cổ phiếu ưu đãi - nợ phải trả"
"chart411122","Preference shares - Equity","411122","equity","False","Cổ phiếu ưu - vốn chủ sở hữu"
>>>>>>> upstream/18.0
=======
"chart411121","Preference shares - Liability","411121","liability_current","False","Cổ phiếu ưu đãi - nợ phải trả"
"chart411122","Preference shares - Equity","411122","equity","False","Cổ phiếu ưu - vốn chủ sở hữu"
>>>>>>> upstream/18.0
=======
"chart411121","Preference shares - Liability","411121","liability_current","False","Cổ phiếu ưu đãi - nợ phải trả"
"chart411122","Preference shares - Equity","411122","equity","False","Cổ phiếu ưu - vốn chủ sở hữu"
>>>>>>> upstream/18.0
=======
"chart411121","Preference shares - Liability","411121","liability_current","False","Cổ phiếu ưu đãi - nợ phải trả"
"chart411122","Preference shares - Equity","411122","equity","False","Cổ phiếu ưu - vốn chủ sở hữu"
>>>>>>> upstream/18.0
=======
"chart411121","Preference shares - Liability","411121","liability_current","False","Cổ phiếu ưu đãi - nợ phải trả"
"chart411122","Preference shares - Equity","411122","equity","False","Cổ phiếu ưu - vốn chủ sở hữu"
>>>>>>> upstream/18.0
=======
"chart411121","Preference shares - Liability","411121","liability_current","False","Cổ phiếu ưu đãi - nợ phải trả"
"chart411122","Preference shares - Equity","411122","equity","False","Cổ phiếu ưu - vốn chủ sở hữu"
>>>>>>> upstream/18.0
=======
"chart411121","Preference shares - Liability","411121","liability_current","False","Cổ phiếu ưu đãi - nợ phải trả"
"chart411122","Preference shares - Equity","411122","equity","False","Cổ phiếu ưu - vốn chủ sở hữu"
>>>>>>> upstream/18.0
=======
"chart411121","Preference shares - Liability","411121","liability_current","False","Cổ phiếu ưu đãi - nợ phải trả"
"chart411122","Preference shares - Equity","411122","equity","False","Cổ phiếu ưu - vốn chủ sở hữu"
>>>>>>> upstream/18.0
=======
"chart411121","Preference shares - Liability","411121","liability_current","False","Cổ phiếu ưu đãi - nợ phải trả"
"chart411122","Preference shares - Equity","411122","equity","False","Cổ phiếu ưu - vốn chủ sở hữu"
>>>>>>> upstream/18.0
=======
"chart411121","Preference shares - Liability","411121","liability_current","False","Cổ phiếu ưu đãi - nợ phải trả"
"chart411122","Preference shares - Equity","411122","equity","False","Cổ phiếu ưu - vốn chủ sở hữu"
>>>>>>> upstream/18.0
=======
"chart411121","Preference shares - Liability","411121","liability_current","False","Cổ phiếu ưu đãi - nợ phải trả"
"chart411122","Preference shares - Equity","411122","equity","False","Cổ phiếu ưu - vốn chủ sở hữu"
>>>>>>> upstream/18.0
=======
"chart411121","Preference shares - Liability","411121","liability_current","False","Cổ phiếu ưu đãi - nợ phải trả"
"chart411122","Preference shares - Equity","411122","equity","False","Cổ phiếu ưu - vốn chủ sở hữu"
>>>>>>> upstream/18.0
=======
"chart411121","Preference shares - Liability","411121","liability_current","False","Cổ phiếu ưu đãi - nợ phải trả"
"chart411122","Preference shares - Equity","411122","equity","False","Cổ phiếu ưu - vốn chủ sở hữu"
>>>>>>> upstream/18.0
=======
"chart411121","Preference shares - Liability","411121","liability_current","False","Cổ phiếu ưu đãi - nợ phải trả"
"chart411122","Preference shares - Equity","411122","equity","False","Cổ phiếu ưu - vốn chủ sở hữu"
>>>>>>> upstream/18.0
=======
"chart411121","Preference shares - Liability","411121","liability_current","False","Cổ phiếu ưu đãi - nợ phải trả"
"chart411122","Preference shares - Equity","411122","equity","False","Cổ phiếu ưu - vốn chủ sở hữu"
>>>>>>> upstream/18.0
=======
"chart411121","Preference shares - Liability","411121","liability_current","False","Cổ phiếu ưu đãi - nợ phải trả"
"chart411122","Preference shares - Equity","411122","equity","False","Cổ phiếu ưu - vốn chủ sở hữu"
>>>>>>> upstream/18.0
=======
"chart411121","Preference shares - Liability","411121","liability_current","False","Cổ phiếu ưu đãi - nợ phải trả"
"chart411122","Preference shares - Equity","411122","equity","False","Cổ phiếu ưu - vốn chủ sở hữu"
>>>>>>> upstream/18.0
=======
"chart411121","Preference shares - Liability","411121","liability_current","False","Cổ phiếu ưu đãi - nợ phải trả"
"chart411122","Preference shares - Equity","411122","equity","False","Cổ phiếu ưu - vốn chủ sở hữu"
>>>>>>> upstream/18.0
=======
"chart411121","Preference shares - Liability","411121","liability_current","False","Cổ phiếu ưu đãi - nợ phải trả"
"chart411122","Preference shares - Equity","411122","equity","False","Cổ phiếu ưu - vốn chủ sở hữu"
>>>>>>> upstream/18.0
=======
"chart411121","Preference shares - Liability","411121","liability_current","False","Cổ phiếu ưu đãi - nợ phải trả"
"chart411122","Preference shares - Equity","411122","equity","False","Cổ phiếu ưu - vốn chủ sở hữu"
>>>>>>> upstream/18.0
=======
"chart411121","Preference shares - Liability","411121","liability_current","False","Cổ phiếu ưu đãi - nợ phải trả"
"chart411122","Preference shares - Equity","411122","equity","False","Cổ phiếu ưu - vốn chủ sở hữu"
>>>>>>> upstream/18.0
=======
"chart411121","Preference shares - Liability","411121","liability_current","False","Cổ phiếu ưu đãi - nợ phải trả"
"chart411122","Preference shares - Equity","411122","equity","False","Cổ phiếu ưu - vốn chủ sở hữu"
>>>>>>> upstream/18.0
=======
"chart411121","Preference shares - Liability","411121","liability_current","False","Cổ phiếu ưu đãi - nợ phải trả"
"chart411122","Preference shares - Equity","411122","equity","False","Cổ phiếu ưu - vốn chủ sở hữu"
>>>>>>> upstream/18.0
=======
"chart411121","Preference shares - Liability","411121","liability_current","False","Cổ phiếu ưu đãi - nợ phải trả"
"chart411122","Preference shares - Equity","411122","equity","False","Cổ phiếu ưu - vốn chủ sở hữu"
>>>>>>> upstream/18.0
=======
"chart411121","Preference shares - Liability","411121","liability_current","False","Cổ phiếu ưu đãi - nợ phải trả"
"chart411122","Preference shares - Equity","411122","equity","False","Cổ phiếu ưu - vốn chủ sở hữu"
>>>>>>> upstream/18.0
=======
"chart411121","Preference shares - Liability","411121","liability_current","False","Cổ phiếu ưu đãi - nợ phải trả"
"chart411122","Preference shares - Equity","411122","equity","False","Cổ phiếu ưu - vốn chủ sở hữu"
>>>>>>> upstream/18.0
=======
"chart411121","Preference shares - Liability","411121","liability_current","False","Cổ phiếu ưu đãi - nợ phải trả"
"chart411122","Preference shares - Equity","411122","equity","False","Cổ phiếu ưu - vốn chủ sở hữu"
>>>>>>> upstream/18.0
=======
"chart411121","Preference shares - Liability","411121","liability_current","False","Cổ phiếu ưu đãi - nợ phải trả"
"chart411122","Preference shares - Equity","411122","equity","False","Cổ phiếu ưu - vốn chủ sở hữu"
>>>>>>> upstream/18.0
=======
"chart411121","Preference shares - Liability","411121","liability_current","False","Cổ phiếu ưu đãi - nợ phải trả"
"chart411122","Preference shares - Equity","411122","equity","False","Cổ phiếu ưu - vốn chủ sở hữu"
>>>>>>> upstream/18.0
=======
"chart411121","Preference shares - Liability","411121","liability_current","False","Cổ phiếu ưu đãi - nợ phải trả"
"chart411122","Preference shares - Equity","411122","equity","False","Cổ phiếu ưu - vốn chủ sở hữu"
>>>>>>> upstream/18.0
=======
"chart411121","Preference shares - Liability","411121","liability_current","False","Cổ phiếu ưu đãi - nợ phải trả"
"chart411122","Preference shares - Equity","411122","equity","False","Cổ phiếu ưu - vốn chủ sở hữu"
>>>>>>> upstream/18.0
=======
"chart411121","Preference shares - Liability","411121","liability_current","False","Cổ phiếu ưu đãi - nợ phải trả"
"chart411122","Preference shares - Equity","411122","equity","False","Cổ phiếu ưu - vốn chủ sở hữu"
>>>>>>> upstream/18.0
=======
"chart411121","Preference shares - Liability","411121","liability_current","False","Cổ phiếu ưu đãi - nợ phải trả"
"chart411122","Preference shares - Equity","411122","equity","False","Cổ phiếu ưu - vốn chủ sở hữu"
>>>>>>> upstream/18.0
=======
"chart411121","Preference shares - Liability","411121","liability_current","False","Cổ phiếu ưu đãi - nợ phải trả"
"chart411122","Preference shares - Equity","411122","equity","False","Cổ phiếu ưu - vốn chủ sở hữu"
>>>>>>> upstream/18.0
=======
"chart411121","Preference shares - Liability","411121","liability_current","False","Cổ phiếu ưu đãi - nợ phải trả"
"chart411122","Preference shares - Equity","411122","equity","False","Cổ phiếu ưu - vốn chủ sở hữu"
>>>>>>> upstream/18.0
=======
"chart411121","Preference shares - Liability","411121","liability_current","False","Cổ phiếu ưu đãi - nợ phải trả"
"chart411122","Preference shares - Equity","411122","equity","False","Cổ phiếu ưu - vốn chủ sở hữu"
>>>>>>> upstream/18.0
=======
"chart411121","Preference shares - Liability","411121","liability_current","False","Cổ phiếu ưu đãi - nợ phải trả"
"chart411122","Preference shares - Equity","411122","equity","False","Cổ phiếu ưu - vốn chủ sở hữu"
>>>>>>> upstream/18.0
=======
"chart411121","Preference shares - Liability","411121","liability_current","False","Cổ phiếu ưu đãi - nợ phải trả"
"chart411122","Preference shares - Equity","411122","equity","False","Cổ phiếu ưu - vốn chủ sở hữu"
>>>>>>> upstream/18.0
=======
"chart411121","Preference shares - Liability","411121","liability_current","False","Cổ phiếu ưu đãi - nợ phải trả"
"chart411122","Preference shares - Equity","411122","equity","False","Cổ phiếu ưu - vốn chủ sở hữu"
>>>>>>> upstream/18.0
=======
"chart411121","Preference shares - Liability","411121","liability_current","False","Cổ phiếu ưu đãi - nợ phải trả"
"chart411122","Preference shares - Equity","411122","equity","False","Cổ phiếu ưu - vốn chủ sở hữu"
>>>>>>> upstream/18.0
=======
"chart411121","Preference shares - Liability","411121","liability_current","False","Cổ phiếu ưu đãi - nợ phải trả"
"chart411122","Preference shares - Equity","411122","equity","False","Cổ phiếu ưu - vốn chủ sở hữu"
>>>>>>> upstream/18.0
=======
"chart411121","Preference shares - Liability","411121","liability_current","False","Cổ phiếu ưu đãi - nợ phải trả"
"chart411122","Preference shares - Equity","411122","equity","False","Cổ phiếu ưu - vốn chủ sở hữu"
>>>>>>> upstream/18.0
=======
"chart411121","Preference shares - Liability","411121","liability_current","False","Cổ phiếu ưu đãi - nợ phải trả"
"chart411122","Preference shares - Equity","411122","equity","False","Cổ phiếu ưu - vốn chủ sở hữu"
>>>>>>> upstream/18.0
=======
"chart411121","Preference shares - Liability","411121","liability_current","False","Cổ phiếu ưu đãi - nợ phải trả"
"chart411122","Preference shares - Equity","411122","equity","False","Cổ phiếu ưu - vốn chủ sở hữu"
>>>>>>> upstream/18.0
=======
"chart411121","Preference shares - Liability","411121","liability_current","False","Cổ phiếu ưu đãi - nợ phải trả"
"chart411122","Preference shares - Equity","411122","equity","False","Cổ phiếu ưu - vốn chủ sở hữu"
>>>>>>> upstream/18.0
=======
"chart411121","Preference shares - Liability","411121","liability_current","False","Cổ phiếu ưu đãi - nợ phải trả"
"chart411122","Preference shares - Equity","411122","equity","False","Cổ phiếu ưu - vốn chủ sở hữu"
>>>>>>> upstream/18.0
=======
"chart411121","Preference shares - Liability","411121","liability_current","False","Cổ phiếu ưu đãi - nợ phải trả"
"chart411122","Preference shares - Equity","411122","equity","False","Cổ phiếu ưu - vốn chủ sở hữu"
>>>>>>> upstream/18.0
=======
"chart411121","Preference shares - Liability","411121","liability_current","False","Cổ phiếu ưu đãi - nợ phải trả"
"chart411122","Preference shares - Equity","411122","equity","False","Cổ phiếu ưu - vốn chủ sở hữu"
>>>>>>> upstream/18.0
=======
"chart411121","Preference shares - Liability","411121","liability_current","False","Cổ phiếu ưu đãi - nợ phải trả"
"chart411122","Preference shares - Equity","411122","equity","False","Cổ phiếu ưu - vốn chủ sở hữu"
>>>>>>> upstream/18.0
=======
"chart411121","Preference shares - Liability","411121","liability_current","False","Cổ phiếu ưu đãi - nợ phải trả"
"chart411122","Preference shares - Equity","411122","equity","False","Cổ phiếu ưu - vốn chủ sở hữu"
>>>>>>> upstream/18.0
=======
"chart411121","Preference shares - Liability","411121","liability_current","False","Cổ phiếu ưu đãi - nợ phải trả"
"chart411122","Preference shares - Equity","411122","equity","False","Cổ phiếu ưu - vốn chủ sở hữu"
>>>>>>> upstream/18.0
=======
"chart411121","Preference shares - Liability","411121","liability_current","False","Cổ phiếu ưu đãi - nợ phải trả"
"chart411122","Preference shares - Equity","411122","equity","False","Cổ phiếu ưu - vốn chủ sở hữu"
>>>>>>> upstream/18.0
=======
"chart411121","Preference shares - Liability","411121","liability_current","False","Cổ phiếu ưu đãi - nợ phải trả"
"chart411122","Preference shares - Equity","411122","equity","False","Cổ phiếu ưu - vốn chủ sở hữu"
>>>>>>> upstream/18.0
=======
"chart411121","Preference shares - Liability","411121","liability_current","False","Cổ phiếu ưu đãi - nợ phải trả"
"chart411122","Preference shares - Equity","411122","equity","False","Cổ phiếu ưu - vốn chủ sở hữu"
>>>>>>> upstream/18.0
=======
"chart411121","Preference shares - Liability","411121","liability_current","False","Cổ phiếu ưu đãi - nợ phải trả"
"chart411122","Preference shares - Equity","411122","equity","False","Cổ phiếu ưu - vốn chủ sở hữu"
>>>>>>> upstream/18.0
=======
"chart411121","Preference shares - Liability","411121","liability_current","False","Cổ phiếu ưu đãi - nợ phải trả"
"chart411122","Preference shares - Equity","411122","equity","False","Cổ phiếu ưu - vốn chủ sở hữu"
>>>>>>> upstream/18.0
=======
"chart411121","Preference shares - Liability","411121","liability_current","False","Cổ phiếu ưu đãi - nợ phải trả"
"chart411122","Preference shares - Equity","411122","equity","False","Cổ phiếu ưu - vốn chủ sở hữu"
>>>>>>> upstream/18.0
=======
"chart411121","Preference shares - Liability","411121","liability_current","False","Cổ phiếu ưu đãi - nợ phải trả"
"chart411122","Preference shares - Equity","411122","equity","False","Cổ phiếu ưu - vốn chủ sở hữu"
>>>>>>> upstream/18.0
=======
"chart411121","Preference shares - Liability","411121","liability_current","False","Cổ phiếu ưu đãi - nợ phải trả"
"chart411122","Preference shares - Equity","411122","equity","False","Cổ phiếu ưu - vốn chủ sở hữu"
>>>>>>> upstream/18.0
=======
"chart411121","Preference shares - Liability","411121","liability_current","False","Cổ phiếu ưu đãi - nợ phải trả"
"chart411122","Preference shares - Equity","411122","equity","False","Cổ phiếu ưu - vốn chủ sở hữu"
>>>>>>> upstream/18.0
=======
"chart411121","Preference shares - Liability","411121","liability_current","False","Cổ phiếu ưu đãi - nợ phải trả"
"chart411122","Preference shares - Equity","411122","equity","False","Cổ phiếu ưu - vốn chủ sở hữu"
>>>>>>> upstream/18.0
=======
"chart411121","Preference shares - Liability","411121","liability_current","False","Cổ phiếu ưu đãi - nợ phải trả"
"chart411122","Preference shares - Equity","411122","equity","False","Cổ phiếu ưu - vốn chủ sở hữu"
>>>>>>> upstream/18.0
=======
"chart411121","Preference shares - Liability","411121","liability_current","False","Cổ phiếu ưu đãi - nợ phải trả"
"chart411122","Preference shares - Equity","411122","equity","False","Cổ phiếu ưu - vốn chủ sở hữu"
>>>>>>> upstream/18.0
=======
"chart411121","Preference shares - Liability","411121","liability_current","False","Cổ phiếu ưu đãi - nợ phải trả"
"chart411122","Preference shares - Equity","411122","equity","False","Cổ phiếu ưu - vốn chủ sở hữu"
>>>>>>> upstream/18.0
=======
"chart411121","Preference shares - Liability","411121","liability_current","False","Cổ phiếu ưu đãi - nợ phải trả"
"chart411122","Preference shares - Equity","411122","equity","False","Cổ phiếu ưu - vốn chủ sở hữu"
>>>>>>> upstream/18.0
=======
"chart411121","Preference shares - Liability","411121","liability_current","False","Cổ phiếu ưu đãi - nợ phải trả"
"chart411122","Preference shares - Equity","411122","equity","False","Cổ phiếu ưu - vốn chủ sở hữu"
>>>>>>> upstream/18.0
=======
"chart411121","Preference shares - Liability","411121","liability_current","False","Cổ phiếu ưu đãi - nợ phải trả"
"chart411122","Preference shares - Equity","411122","equity","False","Cổ phiếu ưu - vốn chủ sở hữu"
>>>>>>> upstream/18.0
=======
"chart411121","Preference shares - Liability","411121","liability_current","False","Cổ phiếu ưu đãi - nợ phải trả"
"chart411122","Preference shares - Equity","411122","equity","False","Cổ phiếu ưu - vốn chủ sở hữu"
>>>>>>> upstream/18.0
=======
"chart411121","Preference shares - Liability","411121","liability_current","False","Cổ phiếu ưu đãi - nợ phải trả"
"chart411122","Preference shares - Equity","411122","equity","False","Cổ phiếu ưu - vốn chủ sở hữu"
>>>>>>> upstream/18.0
=======
"chart411121","Preference shares - Liability","411121","liability_current","False","Cổ phiếu ưu đãi - nợ phải trả"
"chart411122","Preference shares - Equity","411122","equity","False","Cổ phiếu ưu - vốn chủ sở hữu"
>>>>>>> upstream/18.0
=======
"chart411121","Preference shares - Liability","411121","liability_current","False","Cổ phiếu ưu đãi - nợ phải trả"
"chart411122","Preference shares - Equity","411122","equity","False","Cổ phiếu ưu - vốn chủ sở hữu"
>>>>>>> upstream/18.0
=======
"chart411121","Preference shares - Liability","411121","liability_current","False","Cổ phiếu ưu đãi - nợ phải trả"
"chart411122","Preference shares - Equity","411122","equity","False","Cổ phiếu ưu - vốn chủ sở hữu"
>>>>>>> upstream/18.0
=======
"chart411121","Preference shares - Liability","411121","liability_current","False","Cổ phiếu ưu đãi - nợ phải trả"
"chart411122","Preference shares - Equity","411122","equity","False","Cổ phiếu ưu - vốn chủ sở hữu"
>>>>>>> upstream/18.0
=======
"chart411121","Preference shares - Liability","411121","liability_current","False","Cổ phiếu ưu đãi - nợ phải trả"
"chart411122","Preference shares - Equity","411122","equity","False","Cổ phiếu ưu - vốn chủ sở hữu"
>>>>>>> upstream/18.0
=======
"chart411121","Preference shares - Liability","411121","liability_current","False","Cổ phiếu ưu đãi - nợ phải trả"
"chart411122","Preference shares - Equity","411122","equity","False","Cổ phiếu ưu - vốn chủ sở hữu"
>>>>>>> upstream/18.0
=======
"chart411121","Preference shares - Liability","411121","liability_current","False","Cổ phiếu ưu đãi - nợ phải trả"
"chart411122","Preference shares - Equity","411122","equity","False","Cổ phiếu ưu - vốn chủ sở hữu"
>>>>>>> upstream/18.0
=======
"chart411121","Preference shares - Liability","411121","liability_current","False","Cổ phiếu ưu đãi - nợ phải trả"
"chart411122","Preference shares - Equity","411122","equity","False","Cổ phiếu ưu - vốn chủ sở hữu"
>>>>>>> upstream/18.0
=======
"chart411121","Preference shares - Liability","411121","liability_current","False","Cổ phiếu ưu đãi - nợ phải trả"
"chart411122","Preference shares - Equity","411122","equity","False","Cổ phiếu ưu - vốn chủ sở hữu"
>>>>>>> upstream/18.0
=======
"chart411121","Preference shares - Liability","411121","liability_current","False","Cổ phiếu ưu đãi - nợ phải trả"
"chart411122","Preference shares - Equity","411122","equity","False","Cổ phiếu ưu - vốn chủ sở hữu"
>>>>>>> upstream/18.0
=======
"chart411121","Preference shares - Liability","411121","liability_current","False","Cổ phiếu ưu đãi - nợ phải trả"
"chart411122","Preference shares - Equity","411122","equity","False","Cổ phiếu ưu - vốn chủ sở hữu"
>>>>>>> upstream/18.0
=======
"chart411121","Preference shares - Liability","411121","liability_current","False","Cổ phiếu ưu đãi - nợ phải trả"
"chart411122","Preference shares - Equity","411122","equity","False","Cổ phiếu ưu - vốn chủ sở hữu"
>>>>>>> upstream/18.0
=======
"chart411121","Preference shares - Liability","411121","liability_current","False","Cổ phiếu ưu đãi - nợ phải trả"
"chart411122","Preference shares - Equity","411122","equity","False","Cổ phiếu ưu - vốn chủ sở hữu"
>>>>>>> upstream/18.0
=======
"chart411121","Preference shares - Liability","411121","liability_current","False","Cổ phiếu ưu đãi - nợ phải trả"
"chart411122","Preference shares - Equity","411122","equity","False","Cổ phiếu ưu - vốn chủ sở hữu"
>>>>>>> upstream/18.0
=======
"chart411121","Preference shares - Liability","411121","liability_current","False","Cổ phiếu ưu đãi - nợ phải trả"
"chart411122","Preference shares - Equity","411122","equity","False","Cổ phiếu ưu - vốn chủ sở hữu"
>>>>>>> upstream/18.0
=======
"chart411121","Preference shares - Liability","411121","liability_current","False","Cổ phiếu ưu đãi - nợ phải trả"
"chart411122","Preference shares - Equity","411122","equity","False","Cổ phiếu ưu - vốn chủ sở hữu"
>>>>>>> upstream/18.0
=======
"chart411121","Preference shares - Liability","411121","liability_current","False","Cổ phiếu ưu đãi - nợ phải trả"
"chart411122","Preference shares - Equity","411122","equity","False","Cổ phiếu ưu - vốn chủ sở hữu"
>>>>>>> upstream/18.0
=======
"chart411121","Preference shares - Liability","411121","liability_current","False","Cổ phiếu ưu đãi - nợ phải trả"
"chart411122","Preference shares - Equity","411122","equity","False","Cổ phiếu ưu - vốn chủ sở hữu"
>>>>>>> upstream/18.0
=======
"chart411121","Preference shares - Liability","411121","liability_current","False","Cổ phiếu ưu đãi - nợ phải trả"
"chart411122","Preference shares - Equity","411122","equity","False","Cổ phiếu ưu - vốn chủ sở hữu"
>>>>>>> upstream/18.0
=======
"chart411121","Preference shares - Liability","411121","liability_current","False","Cổ phiếu ưu đãi - nợ phải trả"
"chart411122","Preference shares - Equity","411122","equity","False","Cổ phiếu ưu - vốn chủ sở hữu"
>>>>>>> upstream/18.0
=======
"chart411121","Preference shares - Liability","411121","liability_current","False","Cổ phiếu ưu đãi - nợ phải trả"
"chart411122","Preference shares - Equity","411122","equity","False","Cổ phiếu ưu - vốn chủ sở hữu"
>>>>>>> upstream/18.0
=======
"chart411121","Preference shares - Liability","411121","liability_current","False","Cổ phiếu ưu đãi - nợ phải trả"
"chart411122","Preference shares - Equity","411122","equity","False","Cổ phiếu ưu - vốn chủ sở hữu"
>>>>>>> upstream/18.0
=======
"chart411121","Preference shares - Liability","411121","liability_current","False","Cổ phiếu ưu đãi - nợ phải trả"
"chart411122","Preference shares - Equity","411122","equity","False","Cổ phiếu ưu - vốn chủ sở hữu"
>>>>>>> upstream/18.0
=======
"chart411121","Preference shares - Liability","411121","liability_current","False","Cổ phiếu ưu đãi - nợ phải trả"
"chart411122","Preference shares - Equity","411122","equity","False","Cổ phiếu ưu - vốn chủ sở hữu"
>>>>>>> upstream/18.0
"chart4112","Capital surplus","4112","equity","False","Thặng dư vốn cổ phần"
"chart4113","Conversion options on convertible bonds","4113","equity","False","Quyền chọn chuyển đổi trái phiếu"
"chart4118","Other capital","4118","equity","False","Vốn khác"
"chart412","Revaluation differences on asset","412","equity","False","Chênh lệch đánh giá lại tài sản"
"chart4131","Exchange rate differences on revaluation of monetary items denominated in foreign currency","4131","equity","False","Chênh lệch tỷ giá do đánh giá lại các khoản mục tiền tệ có gốc ngoại tệ"
"chart4132","Exchange rate differences in pre-operating period","4132","equity","False","Chênh lệch tỷ giá hối đoái trong giai đoạn trước hoạt động"
"chart414","Investment & development fund","414","equity","False","Quỹ đầu tư phát triển"
"chart417","Enterprise reorganization assistance fund","417","equity","False","Quỹ hỗ trợ sắp xếp doanh nghiệp"
"chart418","Other equity funds","418","equity","False","Các quỹ khác thuộc vốn chủ sở hữu"
"chart419","Treasury stocks","419","equity","False","Cổ phiếu quỹ"
"chart4211","Undistributed profit after tax of previous year","4211","equity","False","Lợi nhuận sau thuế chưa phân phối năm trước"
"chart4212","Undistributed profit after tax of current year","4212","equity","False","Lợi nhuận sau thuế chưa phân phối năm nay"
"chart441","Capital expenditure funds","441","equity","False","Nguồn vốn đầu tư xây dựng cơ bản"
"chart4611","Non-business funds of previous year","4611","equity","False","Nguồn kinh phí sự nghiệp năm trước"
"chart4612","Non-business funds of current year","4612","equity","False","Nguồn kinh phí sự nghiệp năm nay"
"chart466","Non-business funds used for fixed asset acquisitions","466","equity","False","Nguồn kinh phí sự nghiệp đã hình thành TSCĐ"
"chart5111","Revenue from sales of merchandises","5111","income","False","Doanh thu bán hàng hoá"
"chart5112","Revenue from sales of finished goods","5112","income","False","Doanh thu bán các thành phẩm"
"chart5113","Revenue from services rendered","5113","income","False","Doanh thu cung cấp dịch vụ"
"chart5114","Revenue from government grants","5114","income","False","Doanh thu trợ cấp, trợ giá"
"chart5117","Revenue from investment properties","5117","income","False","Doanh thu kinh doanh bất động sản đầu tư"
"chart5118","Other revenue","5118","income","False","Doanh thu khác"
"chart515","Financial income","515","income","False","Doanh thu hoạt động tài chính"
"chart5211","Sales discounts","5211","income","False","Chiết khấu thương mại"
"chart5212","Sales allowances","5212","income","False","Giảm giá hàng bán"
"chart5213","Sales returns","5213","income","False","Hàng bán bị trả lại"
"chart6111","Purchases of raw materials","6111","expense_direct_cost","False","Mua nguyên liệu, vật liệu"
"chart6112","Purchases of goods","6112","expense_direct_cost","False","Mua hàng hoá"
"chart621","Direct raw material costs","621","expense_direct_cost","False","Chi phí nguyên liệu, vật liệu trực tiếp"
"chart622","Direct labour costs","622","expense_direct_cost","False","Chi phí nhân công trực tiếp"
<<<<<<< HEAD
<<<<<<< HEAD
<<<<<<< HEAD
<<<<<<< HEAD
<<<<<<< HEAD
<<<<<<< HEAD
<<<<<<< HEAD
<<<<<<< HEAD
<<<<<<< HEAD
<<<<<<< HEAD
<<<<<<< HEAD
<<<<<<< HEAD
<<<<<<< HEAD
<<<<<<< HEAD
<<<<<<< HEAD
<<<<<<< HEAD
<<<<<<< HEAD
<<<<<<< HEAD
<<<<<<< HEAD
<<<<<<< HEAD
<<<<<<< HEAD
<<<<<<< HEAD
<<<<<<< HEAD
<<<<<<< HEAD
<<<<<<< HEAD
<<<<<<< HEAD
<<<<<<< HEAD
<<<<<<< HEAD
<<<<<<< HEAD
<<<<<<< HEAD
<<<<<<< HEAD
<<<<<<< HEAD
<<<<<<< HEAD
<<<<<<< HEAD
<<<<<<< HEAD
<<<<<<< HEAD
<<<<<<< HEAD
<<<<<<< HEAD
<<<<<<< HEAD
<<<<<<< HEAD
<<<<<<< HEAD
<<<<<<< HEAD
<<<<<<< HEAD
<<<<<<< HEAD
<<<<<<< HEAD
<<<<<<< HEAD
<<<<<<< HEAD
<<<<<<< HEAD
<<<<<<< HEAD
<<<<<<< HEAD
<<<<<<< HEAD
<<<<<<< HEAD
<<<<<<< HEAD
<<<<<<< HEAD
<<<<<<< HEAD
<<<<<<< HEAD
<<<<<<< HEAD
<<<<<<< HEAD
<<<<<<< HEAD
<<<<<<< HEAD
<<<<<<< HEAD
<<<<<<< HEAD
<<<<<<< HEAD
<<<<<<< HEAD
<<<<<<< HEAD
<<<<<<< HEAD
<<<<<<< HEAD
<<<<<<< HEAD
<<<<<<< HEAD
<<<<<<< HEAD
<<<<<<< HEAD
<<<<<<< HEAD
<<<<<<< HEAD
<<<<<<< HEAD
<<<<<<< HEAD
<<<<<<< HEAD
<<<<<<< HEAD
<<<<<<< HEAD
<<<<<<< HEAD
<<<<<<< HEAD
<<<<<<< HEAD
<<<<<<< HEAD
<<<<<<< HEAD
<<<<<<< HEAD
<<<<<<< HEAD
<<<<<<< HEAD
<<<<<<< HEAD
<<<<<<< HEAD
<<<<<<< HEAD
<<<<<<< HEAD
<<<<<<< HEAD
<<<<<<< HEAD
<<<<<<< HEAD
<<<<<<< HEAD
<<<<<<< HEAD
<<<<<<< HEAD
<<<<<<< HEAD
<<<<<<< HEAD
<<<<<<< HEAD
<<<<<<< HEAD
<<<<<<< HEAD
<<<<<<< HEAD
<<<<<<< HEAD
<<<<<<< HEAD
<<<<<<< HEAD
<<<<<<< HEAD
<<<<<<< HEAD
<<<<<<< HEAD
<<<<<<< HEAD
<<<<<<< HEAD
<<<<<<< HEAD
<<<<<<< HEAD
<<<<<<< HEAD
<<<<<<< HEAD
<<<<<<< HEAD
<<<<<<< HEAD
<<<<<<< HEAD
<<<<<<< HEAD
<<<<<<< HEAD
"chart6231","Labour costs","6231","expense","False","Chi phí nhân công"
"chart6232","Material costs","6232","expense","False","Chi phí nguyên, vật liệu"
"chart6233","Tools and instruments","6233","expense","False","Chi phí dụng cụ sản xuất"
"chart6234","Equipment depreciation expense","6234","expense","False","Chi phí khấu hao máy thi công"
"chart6237","Outside services","6237","expense","False","Chi phí dịch vụ mua ngoài"
"chart6238","Other expenses","6238","expense","False","Chi phí bằng tiền khác"
"chart6271","Factory staff costs","6271","expense","False","Chi phí nhân viên phân xưởng"
"chart6272","Material costs","6272","expense","False","Chi phí nguyên, vật liệu"
"chart6273","Tools and instruments","6273","expense","False","Chi phí dụng cụ sản xuất"
"chart6274","Fixed asset depreciation","6274","expense_depreciation","False","Chi phí khấu hao TSCĐ"
"chart6277","Outside services","6277","expense","False","Chi phí dịch vụ mua ngoài"
"chart6278","Other expenses","6278","expense","False","Chi phí bằng tiền khác"
"chart631","Production costs","631","expense_direct_cost","False","Giá thành sản xuất"
"chart632","Costs of goods sold","632","expense_direct_cost","False","Giá vốn hàng bán"
"chart635","Financial expenses","635","expense","False","Chi phí tài chính"
=======
=======
>>>>>>> upstream/18.0
=======
>>>>>>> upstream/18.0
=======
>>>>>>> upstream/18.0
=======
>>>>>>> upstream/18.0
=======
>>>>>>> upstream/18.0
=======
>>>>>>> upstream/18.0
=======
>>>>>>> upstream/18.0
=======
>>>>>>> upstream/18.0
=======
>>>>>>> upstream/18.0
=======
>>>>>>> upstream/18.0
=======
>>>>>>> upstream/18.0
=======
>>>>>>> upstream/18.0
=======
>>>>>>> upstream/18.0
=======
>>>>>>> upstream/18.0
=======
>>>>>>> upstream/18.0
=======
>>>>>>> upstream/18.0
=======
>>>>>>> upstream/18.0
=======
>>>>>>> upstream/18.0
=======
>>>>>>> upstream/18.0
=======
>>>>>>> upstream/18.0
=======
>>>>>>> upstream/18.0
=======
>>>>>>> upstream/18.0
=======
>>>>>>> upstream/18.0
=======
>>>>>>> upstream/18.0
=======
>>>>>>> upstream/18.0
=======
>>>>>>> upstream/18.0
=======
>>>>>>> upstream/18.0
=======
>>>>>>> upstream/18.0
=======
>>>>>>> upstream/18.0
=======
>>>>>>> upstream/18.0
=======
>>>>>>> upstream/18.0
=======
>>>>>>> upstream/18.0
=======
>>>>>>> upstream/18.0
=======
>>>>>>> upstream/18.0
=======
>>>>>>> upstream/18.0
=======
>>>>>>> upstream/18.0
=======
>>>>>>> upstream/18.0
=======
>>>>>>> upstream/18.0
=======
>>>>>>> upstream/18.0
=======
>>>>>>> upstream/18.0
=======
>>>>>>> upstream/18.0
=======
>>>>>>> upstream/18.0
=======
>>>>>>> upstream/18.0
=======
>>>>>>> upstream/18.0
=======
>>>>>>> upstream/18.0
=======
>>>>>>> upstream/18.0
=======
>>>>>>> upstream/18.0
=======
>>>>>>> upstream/18.0
=======
>>>>>>> upstream/18.0
=======
>>>>>>> upstream/18.0
=======
>>>>>>> upstream/18.0
=======
>>>>>>> upstream/18.0
=======
>>>>>>> upstream/18.0
=======
>>>>>>> upstream/18.0
=======
>>>>>>> upstream/18.0
=======
>>>>>>> upstream/18.0
=======
>>>>>>> upstream/18.0
=======
>>>>>>> upstream/18.0
=======
>>>>>>> upstream/18.0
=======
>>>>>>> upstream/18.0
=======
>>>>>>> upstream/18.0
=======
>>>>>>> upstream/18.0
=======
>>>>>>> upstream/18.0
=======
>>>>>>> upstream/18.0
=======
>>>>>>> upstream/18.0
=======
>>>>>>> upstream/18.0
=======
>>>>>>> upstream/18.0
=======
>>>>>>> upstream/18.0
=======
>>>>>>> upstream/18.0
=======
>>>>>>> upstream/18.0
=======
>>>>>>> upstream/18.0
=======
>>>>>>> upstream/18.0
=======
>>>>>>> upstream/18.0
=======
>>>>>>> upstream/18.0
=======
>>>>>>> upstream/18.0
=======
>>>>>>> upstream/18.0
=======
>>>>>>> upstream/18.0
=======
>>>>>>> upstream/18.0
=======
>>>>>>> upstream/18.0
=======
>>>>>>> upstream/18.0
=======
>>>>>>> upstream/18.0
=======
>>>>>>> upstream/18.0
=======
>>>>>>> upstream/18.0
=======
>>>>>>> upstream/18.0
=======
>>>>>>> upstream/18.0
=======
>>>>>>> upstream/18.0
=======
>>>>>>> upstream/18.0
=======
>>>>>>> upstream/18.0
=======
>>>>>>> upstream/18.0
=======
>>>>>>> upstream/18.0
=======
>>>>>>> upstream/18.0
=======
>>>>>>> upstream/18.0
=======
>>>>>>> upstream/18.0
=======
>>>>>>> upstream/18.0
=======
>>>>>>> upstream/18.0
=======
>>>>>>> upstream/18.0
=======
>>>>>>> upstream/18.0
=======
>>>>>>> upstream/18.0
=======
>>>>>>> upstream/18.0
=======
>>>>>>> upstream/18.0
=======
>>>>>>> upstream/18.0
=======
>>>>>>> upstream/18.0
=======
>>>>>>> upstream/18.0
=======
>>>>>>> upstream/18.0
=======
>>>>>>> upstream/18.0
=======
>>>>>>> upstream/18.0
=======
>>>>>>> upstream/18.0
=======
>>>>>>> upstream/18.0
=======
>>>>>>> upstream/18.0
=======
>>>>>>> upstream/18.0
=======
>>>>>>> upstream/18.0
=======
>>>>>>> upstream/18.0
=======
>>>>>>> upstream/18.0
=======
>>>>>>> upstream/18.0
=======
>>>>>>> upstream/18.0
=======
>>>>>>> upstream/18.0
=======
>>>>>>> upstream/18.0
=======
>>>>>>> upstream/18.0
=======
=======
>>>>>>> upstream/18.0
=======
>>>>>>> upstream/18.0
=======
>>>>>>> upstream/18.0
=======
>>>>>>> upstream/18.0
=======
>>>>>>> upstream/18.0
=======
>>>>>>> upstream/18.0
=======
>>>>>>> upstream/18.0
=======
>>>>>>> upstream/18.0
=======
>>>>>>> upstream/18.0
=======
>>>>>>> upstream/18.0
=======
>>>>>>> upstream/18.0
=======
>>>>>>> upstream/18.0
=======
>>>>>>> upstream/18.0
=======
>>>>>>> upstream/18.0
=======
>>>>>>> upstream/18.0
=======
>>>>>>> upstream/18.0
=======
>>>>>>> upstream/18.0
=======
>>>>>>> upstream/18.0
=======
>>>>>>> upstream/18.0
=======
>>>>>>> upstream/18.0
=======
>>>>>>> upstream/18.0
=======
>>>>>>> upstream/18.0
=======
>>>>>>> upstream/18.0
=======
>>>>>>> upstream/18.0
=======
>>>>>>> upstream/18.0
=======
>>>>>>> upstream/18.0
=======
>>>>>>> upstream/18.0
=======
>>>>>>> upstream/18.0
=======
>>>>>>> upstream/18.0
=======
>>>>>>> upstream/18.0
=======
>>>>>>> upstream/18.0
=======
>>>>>>> upstream/18.0
"chart41112","Preferred shares - payable ","411121","equity","False","Cổ phiếu ưu đãi - Nợ phải trả"
"chart411122","Preferred shares - owner's equity ","411122","equity","False","Cổ phiếu ưu đãi - Vốn chủ sở hữu"
"chart4112","Capital surplus","4112","equity","False","Thặng dư vốn"
"chart4113","Conversion options on convertible bonds","4113","equity","False","Quyền chọn chuyển đổi trái phiếu"
"chart4118","Other capital","4118","equity","False","Vốn khác"
"chart412","Revaluation differences on asset","412","equity","False","Chênh lệch đánh giá lại tài sản"
"chart4131","Exchange rate differences ","413","equity","False","Chênh lệch tỷ giá hối đoái"
"chart414","Investment & development fund","414","equity","False","Quỹ đầu tư phát triển"
"chart418","Other equity funds","418","equity","False","Các quỹ khác thuộc vốn chủ sở hữu"
"chart419","Stocks bought from oneself","419","equity","False","Cổ phiếu mua lại của chính mình"
"chart4211","Undistributed profit after tax of previous year","4211","equity","False","Lợi nhuận sau thuế chưa phân phối năm trước"
"chart4212","Undistributed profit after tax of current year","4212","equity","False","Lợi nhuận sau thuế chưa phân phối năm nay"
"chart5111","Revenue from sales and services","511","income","False","Doanh thu bán hàng và cung cấp dịch vụ"
"chart515","Financial income","515","income","False","Doanh thu hoạt động tài chính"
"chart5211","Sales discounts","521","income","False","Các khoản giảm trừ doanh thu"
"chart621","Direct raw material costs","621","expense_direct_cost","False","Chi phí nguyên liệu, vật liệu trực tiếp"
"chart622","Direct labour costs","622","expense_direct_cost","False","Chi phí nhân công trực tiếp"
<<<<<<< HEAD
<<<<<<< HEAD
<<<<<<< HEAD
<<<<<<< HEAD
<<<<<<< HEAD
<<<<<<< HEAD
<<<<<<< HEAD
<<<<<<< HEAD
<<<<<<< HEAD
<<<<<<< HEAD
<<<<<<< HEAD
<<<<<<< HEAD
<<<<<<< HEAD
<<<<<<< HEAD
<<<<<<< HEAD
<<<<<<< HEAD
<<<<<<< HEAD
<<<<<<< HEAD
<<<<<<< HEAD
<<<<<<< HEAD
<<<<<<< HEAD
<<<<<<< HEAD
<<<<<<< HEAD
<<<<<<< HEAD
<<<<<<< HEAD
<<<<<<< HEAD
<<<<<<< HEAD
<<<<<<< HEAD
<<<<<<< HEAD
<<<<<<< HEAD
<<<<<<< HEAD
<<<<<<< HEAD
>>>>>>> upstream/18.0
=======
>>>>>>> upstream/18.0
=======
>>>>>>> upstream/18.0
=======
>>>>>>> upstream/18.0
=======
>>>>>>> upstream/18.0
=======
>>>>>>> upstream/18.0
=======
>>>>>>> upstream/18.0
=======
>>>>>>> upstream/18.0
=======
>>>>>>> upstream/18.0
=======
>>>>>>> upstream/18.0
=======
>>>>>>> upstream/18.0
=======
>>>>>>> upstream/18.0
=======
>>>>>>> upstream/18.0
=======
>>>>>>> upstream/18.0
=======
>>>>>>> upstream/18.0
=======
>>>>>>> upstream/18.0
=======
>>>>>>> upstream/18.0
=======
>>>>>>> upstream/18.0
=======
>>>>>>> upstream/18.0
=======
>>>>>>> upstream/18.0
=======
>>>>>>> upstream/18.0
=======
>>>>>>> upstream/18.0
=======
>>>>>>> upstream/18.0
=======
>>>>>>> upstream/18.0
=======
>>>>>>> upstream/18.0
=======
>>>>>>> upstream/18.0
=======
>>>>>>> upstream/18.0
=======
>>>>>>> upstream/18.0
=======
>>>>>>> upstream/18.0
=======
>>>>>>> upstream/18.0
=======
>>>>>>> upstream/18.0
=======
>>>>>>> upstream/18.0
=======
>>>>>>> upstream/18.0
"chart6231","Labour costs","6231","expense_direct_cost","False","Chi phí nhân công"
"chart6232","Material costs","6232","expense_direct_cost","False","Chi phí nguyên, vật liệu"
"chart6233","Tools and instruments","6233","expense_direct_cost","False","Chi phí dụng cụ sản xuất"
"chart6234","Equipment depreciation expense","6234","expense_direct_cost","False","Chi phí khấu hao máy thi công"
"chart6237","Outside services","6237","expense_direct_cost","False","Chi phí dịch vụ mua ngoài"
"chart6238","Other expenses","6238","expense_direct_cost","False","Chi phí bằng tiền khác"
"chart6271","Factory staff costs","6271","expense_direct_cost","False","Chi phí nhân viên phân xưởng"
"chart6272","Material costs","6272","expense_direct_cost","False","Chi phí nguyên, vật liệu"
"chart6273","Tools and instruments","6273","expense_direct_cost","False","Chi phí dụng cụ sản xuất"
"chart6274","Fixed asset depreciation","6274","expense_depreciation","False","Chi phí khấu hao TSCĐ"
<<<<<<< HEAD
<<<<<<< HEAD
<<<<<<< HEAD
<<<<<<< HEAD
<<<<<<< HEAD
<<<<<<< HEAD
<<<<<<< HEAD
<<<<<<< HEAD
<<<<<<< HEAD
<<<<<<< HEAD
<<<<<<< HEAD
<<<<<<< HEAD
<<<<<<< HEAD
<<<<<<< HEAD
<<<<<<< HEAD
<<<<<<< HEAD
<<<<<<< HEAD
<<<<<<< HEAD
<<<<<<< HEAD
<<<<<<< HEAD
<<<<<<< HEAD
<<<<<<< HEAD
<<<<<<< HEAD
<<<<<<< HEAD
<<<<<<< HEAD
<<<<<<< HEAD
<<<<<<< HEAD
<<<<<<< HEAD
<<<<<<< HEAD
<<<<<<< HEAD
<<<<<<< HEAD
<<<<<<< HEAD
<<<<<<< HEAD
"chart6277","Outside services","6277","expense_direct_cost","False","Chi phí dịch vụ mua ngoài"
"chart6278","Other expenses","6278","expense_direct_cost","False","Chi phí bằng tiền khác"
"chart631","Production costs","631","expense_direct_cost","False","Giá thành sản xuất"
"chart632","Costs of goods sold","632","expense_direct_cost","False","Giá vốn hàng bán"
"chart635","Financial expenses","635","expense","False","Chi phí tài chính"
"chart6351","Financial expenses - interest expense","6351","expense","False","Chi phí tài chính"
<<<<<<< HEAD
<<<<<<< HEAD
<<<<<<< HEAD
<<<<<<< HEAD
<<<<<<< HEAD
<<<<<<< HEAD
<<<<<<< HEAD
<<<<<<< HEAD
<<<<<<< HEAD
<<<<<<< HEAD
<<<<<<< HEAD
<<<<<<< HEAD
<<<<<<< HEAD
<<<<<<< HEAD
<<<<<<< HEAD
<<<<<<< HEAD
<<<<<<< HEAD
<<<<<<< HEAD
<<<<<<< HEAD
<<<<<<< HEAD
<<<<<<< HEAD
<<<<<<< HEAD
<<<<<<< HEAD
<<<<<<< HEAD
<<<<<<< HEAD
<<<<<<< HEAD
<<<<<<< HEAD
<<<<<<< HEAD
<<<<<<< HEAD
<<<<<<< HEAD
<<<<<<< HEAD
<<<<<<< HEAD
<<<<<<< HEAD
<<<<<<< HEAD
<<<<<<< HEAD
<<<<<<< HEAD
<<<<<<< HEAD
<<<<<<< HEAD
<<<<<<< HEAD
<<<<<<< HEAD
<<<<<<< HEAD
<<<<<<< HEAD
<<<<<<< HEAD
<<<<<<< HEAD
<<<<<<< HEAD
<<<<<<< HEAD
<<<<<<< HEAD
<<<<<<< HEAD
<<<<<<< HEAD
<<<<<<< HEAD
<<<<<<< HEAD
<<<<<<< HEAD
<<<<<<< HEAD
<<<<<<< HEAD
<<<<<<< HEAD
<<<<<<< HEAD
<<<<<<< HEAD
<<<<<<< HEAD
<<<<<<< HEAD
<<<<<<< HEAD
<<<<<<< HEAD
<<<<<<< HEAD
<<<<<<< HEAD
<<<<<<< HEAD
<<<<<<< HEAD
<<<<<<< HEAD
<<<<<<< HEAD
<<<<<<< HEAD
<<<<<<< HEAD
<<<<<<< HEAD
<<<<<<< HEAD
<<<<<<< HEAD
<<<<<<< HEAD
<<<<<<< HEAD
<<<<<<< HEAD
<<<<<<< HEAD
<<<<<<< HEAD
<<<<<<< HEAD
<<<<<<< HEAD
<<<<<<< HEAD
<<<<<<< HEAD
<<<<<<< HEAD
<<<<<<< HEAD
<<<<<<< HEAD
<<<<<<< HEAD
<<<<<<< HEAD
<<<<<<< HEAD
<<<<<<< HEAD
<<<<<<< HEAD
<<<<<<< HEAD
<<<<<<< HEAD
<<<<<<< HEAD
<<<<<<< HEAD
<<<<<<< HEAD
<<<<<<< HEAD
<<<<<<< HEAD
<<<<<<< HEAD
<<<<<<< HEAD
<<<<<<< HEAD
<<<<<<< HEAD
<<<<<<< HEAD
<<<<<<< HEAD
<<<<<<< HEAD
<<<<<<< HEAD
<<<<<<< HEAD
<<<<<<< HEAD
<<<<<<< HEAD
<<<<<<< HEAD
<<<<<<< HEAD
<<<<<<< HEAD
<<<<<<< HEAD
<<<<<<< HEAD
<<<<<<< HEAD
<<<<<<< HEAD
<<<<<<< HEAD
<<<<<<< HEAD
<<<<<<< HEAD
<<<<<<< HEAD
>>>>>>> upstream/18.0
=======
>>>>>>> upstream/18.0
=======
>>>>>>> upstream/18.0
=======
>>>>>>> upstream/18.0
=======
>>>>>>> upstream/18.0
=======
>>>>>>> upstream/18.0
=======
>>>>>>> upstream/18.0
=======
>>>>>>> upstream/18.0
=======
>>>>>>> upstream/18.0
=======
>>>>>>> upstream/18.0
=======
>>>>>>> upstream/18.0
=======
>>>>>>> upstream/18.0
=======
>>>>>>> upstream/18.0
=======
>>>>>>> upstream/18.0
=======
>>>>>>> upstream/18.0
=======
>>>>>>> upstream/18.0
=======
>>>>>>> upstream/18.0
=======
>>>>>>> upstream/18.0
=======
>>>>>>> upstream/18.0
=======
>>>>>>> upstream/18.0
=======
>>>>>>> upstream/18.0
=======
>>>>>>> upstream/18.0
=======
>>>>>>> upstream/18.0
=======
>>>>>>> upstream/18.0
=======
>>>>>>> upstream/18.0
=======
>>>>>>> upstream/18.0
=======
>>>>>>> upstream/18.0
=======
>>>>>>> upstream/18.0
=======
>>>>>>> upstream/18.0
=======
>>>>>>> upstream/18.0
=======
>>>>>>> upstream/18.0
=======
>>>>>>> upstream/18.0
=======
>>>>>>> upstream/18.0
=======
>>>>>>> upstream/18.0
=======
>>>>>>> upstream/18.0
=======
>>>>>>> upstream/18.0
=======
>>>>>>> upstream/18.0
=======
>>>>>>> upstream/18.0
=======
>>>>>>> upstream/18.0
=======
>>>>>>> upstream/18.0
=======
>>>>>>> upstream/18.0
=======
>>>>>>> upstream/18.0
=======
>>>>>>> upstream/18.0
=======
>>>>>>> upstream/18.0
=======
>>>>>>> upstream/18.0
=======
>>>>>>> upstream/18.0
=======
>>>>>>> upstream/18.0
=======
>>>>>>> upstream/18.0
=======
>>>>>>> upstream/18.0
=======
>>>>>>> upstream/18.0
=======
>>>>>>> upstream/18.0
=======
>>>>>>> upstream/18.0
=======
>>>>>>> upstream/18.0
=======
>>>>>>> upstream/18.0
=======
>>>>>>> upstream/18.0
=======
>>>>>>> upstream/18.0
=======
>>>>>>> upstream/18.0
=======
>>>>>>> upstream/18.0
=======
>>>>>>> upstream/18.0
=======
>>>>>>> upstream/18.0
=======
>>>>>>> upstream/18.0
=======
>>>>>>> upstream/18.0
=======
>>>>>>> upstream/18.0
=======
>>>>>>> upstream/18.0
=======
>>>>>>> upstream/18.0
=======
>>>>>>> upstream/18.0
=======
>>>>>>> upstream/18.0
=======
>>>>>>> upstream/18.0
=======
>>>>>>> upstream/18.0
=======
>>>>>>> upstream/18.0
=======
>>>>>>> upstream/18.0
=======
>>>>>>> upstream/18.0
=======
>>>>>>> upstream/18.0
=======
>>>>>>> upstream/18.0
=======
>>>>>>> upstream/18.0
=======
>>>>>>> upstream/18.0
=======
>>>>>>> upstream/18.0
=======
>>>>>>> upstream/18.0
=======
>>>>>>> upstream/18.0
=======
>>>>>>> upstream/18.0
=======
>>>>>>> upstream/18.0
=======
>>>>>>> upstream/18.0
=======
>>>>>>> upstream/18.0
=======
>>>>>>> upstream/18.0
=======
>>>>>>> upstream/18.0
=======
>>>>>>> upstream/18.0
=======
>>>>>>> upstream/18.0
=======
>>>>>>> upstream/18.0
=======
>>>>>>> upstream/18.0
=======
>>>>>>> upstream/18.0
=======
>>>>>>> upstream/18.0
=======
>>>>>>> upstream/18.0
=======
>>>>>>> upstream/18.0
=======
>>>>>>> upstream/18.0
=======
>>>>>>> upstream/18.0
=======
>>>>>>> upstream/18.0
=======
>>>>>>> upstream/18.0
=======
>>>>>>> upstream/18.0
=======
>>>>>>> upstream/18.0
=======
>>>>>>> upstream/18.0
=======
>>>>>>> upstream/18.0
=======
>>>>>>> upstream/18.0
=======
>>>>>>> upstream/18.0
=======
>>>>>>> upstream/18.0
=======
>>>>>>> upstream/18.0
=======
>>>>>>> upstream/18.0
=======
>>>>>>> upstream/18.0
=======
>>>>>>> upstream/18.0
=======
>>>>>>> upstream/18.0
=======
>>>>>>> upstream/18.0
=======
>>>>>>> upstream/18.0
=======
>>>>>>> upstream/18.0
=======
>>>>>>> upstream/18.0
=======
>>>>>>> upstream/18.0
=======
>>>>>>> upstream/18.0
=======
>>>>>>> upstream/18.0
=======
>>>>>>> upstream/18.0
=======
>>>>>>> upstream/18.0
=======
>>>>>>> upstream/18.0
=======
=======
>>>>>>> upstream/18.0
=======
>>>>>>> upstream/18.0
=======
>>>>>>> upstream/18.0
=======
>>>>>>> upstream/18.0
=======
>>>>>>> upstream/18.0
=======
>>>>>>> upstream/18.0
=======
>>>>>>> upstream/18.0
=======
>>>>>>> upstream/18.0
=======
>>>>>>> upstream/18.0
=======
>>>>>>> upstream/18.0
=======
>>>>>>> upstream/18.0
=======
>>>>>>> upstream/18.0
=======
>>>>>>> upstream/18.0
=======
>>>>>>> upstream/18.0
=======
>>>>>>> upstream/18.0
=======
>>>>>>> upstream/18.0
=======
>>>>>>> upstream/18.0
=======
>>>>>>> upstream/18.0
=======
>>>>>>> upstream/18.0
=======
>>>>>>> upstream/18.0
=======
>>>>>>> upstream/18.0
=======
>>>>>>> upstream/18.0
=======
>>>>>>> upstream/18.0
=======
>>>>>>> upstream/18.0
=======
>>>>>>> upstream/18.0
=======
>>>>>>> upstream/18.0
=======
>>>>>>> upstream/18.0
=======
>>>>>>> upstream/18.0
=======
>>>>>>> upstream/18.0
=======
>>>>>>> upstream/18.0
=======
>>>>>>> upstream/18.0
=======
>>>>>>> upstream/18.0
"chart6275","Taxes, fees and charges","6275","expense_direct_cost","False","Thuế, phí, lệ phí"
"chart6277","Outside services","6277","expense_direct_cost","False","Chi phí dịch vụ mua ngoài"
"chart6278","Other expenses","6278","expense_direct_cost","False","Chi phí bằng tiền khác"
"chart632","Costs of goods sold","632","expense_direct_cost","False","Giá vốn hàng bán"
"chart635","Financial expenses","635","expense","False","Chi phí tài chính"
"chart6351","Financial expenses - interest expense","6351","expense","False","Chi phí tài chính"
<<<<<<< HEAD
<<<<<<< HEAD
<<<<<<< HEAD
<<<<<<< HEAD
<<<<<<< HEAD
<<<<<<< HEAD
<<<<<<< HEAD
<<<<<<< HEAD
<<<<<<< HEAD
<<<<<<< HEAD
<<<<<<< HEAD
<<<<<<< HEAD
<<<<<<< HEAD
<<<<<<< HEAD
<<<<<<< HEAD
<<<<<<< HEAD
<<<<<<< HEAD
<<<<<<< HEAD
<<<<<<< HEAD
<<<<<<< HEAD
<<<<<<< HEAD
<<<<<<< HEAD
<<<<<<< HEAD
<<<<<<< HEAD
<<<<<<< HEAD
<<<<<<< HEAD
<<<<<<< HEAD
<<<<<<< HEAD
<<<<<<< HEAD
<<<<<<< HEAD
<<<<<<< HEAD
<<<<<<< HEAD
>>>>>>> upstream/18.0
=======
>>>>>>> upstream/18.0
=======
>>>>>>> upstream/18.0
=======
>>>>>>> upstream/18.0
=======
>>>>>>> upstream/18.0
=======
>>>>>>> upstream/18.0
=======
>>>>>>> upstream/18.0
=======
>>>>>>> upstream/18.0
=======
>>>>>>> upstream/18.0
=======
>>>>>>> upstream/18.0
=======
>>>>>>> upstream/18.0
=======
>>>>>>> upstream/18.0
=======
>>>>>>> upstream/18.0
=======
>>>>>>> upstream/18.0
=======
>>>>>>> upstream/18.0
=======
>>>>>>> upstream/18.0
=======
>>>>>>> upstream/18.0
=======
>>>>>>> upstream/18.0
=======
>>>>>>> upstream/18.0
=======
>>>>>>> upstream/18.0
=======
>>>>>>> upstream/18.0
=======
>>>>>>> upstream/18.0
=======
>>>>>>> upstream/18.0
=======
>>>>>>> upstream/18.0
=======
>>>>>>> upstream/18.0
=======
>>>>>>> upstream/18.0
=======
>>>>>>> upstream/18.0
=======
>>>>>>> upstream/18.0
=======
>>>>>>> upstream/18.0
=======
>>>>>>> upstream/18.0
=======
>>>>>>> upstream/18.0
=======
>>>>>>> upstream/18.0
=======
>>>>>>> upstream/18.0
"chart6411","Employees costs","6411","expense","False","Chi phí nhân viên"
"chart6412","Materials and packing materials","6412","expense","False","Chi phí nguyên vật liệu, bao bì"
"chart6413","Tools and instruments","6413","expense","False","Chi phí dụng cụ, đồ dùng"
"chart6414","Fixed asset depreciation","6414","expense_depreciation","False","Chi phí khấu hao TSCĐ"
<<<<<<< HEAD
<<<<<<< HEAD
<<<<<<< HEAD
<<<<<<< HEAD
<<<<<<< HEAD
<<<<<<< HEAD
<<<<<<< HEAD
<<<<<<< HEAD
<<<<<<< HEAD
<<<<<<< HEAD
<<<<<<< HEAD
<<<<<<< HEAD
<<<<<<< HEAD
<<<<<<< HEAD
<<<<<<< HEAD
<<<<<<< HEAD
<<<<<<< HEAD
<<<<<<< HEAD
<<<<<<< HEAD
<<<<<<< HEAD
<<<<<<< HEAD
<<<<<<< HEAD
<<<<<<< HEAD
<<<<<<< HEAD
<<<<<<< HEAD
<<<<<<< HEAD
<<<<<<< HEAD
<<<<<<< HEAD
<<<<<<< HEAD
<<<<<<< HEAD
<<<<<<< HEAD
<<<<<<< HEAD
<<<<<<< HEAD
"chart6415","Warranty expenses","6415","expense","False","Chi phí bảo hành"
=======
"chart6415","Taxes, fees and charges","6415","expense","False","Thuế, phí, lệ phí"
>>>>>>> upstream/18.0
=======
"chart6415","Taxes, fees and charges","6415","expense","False","Thuế, phí, lệ phí"
>>>>>>> upstream/18.0
=======
"chart6415","Taxes, fees and charges","6415","expense","False","Thuế, phí, lệ phí"
>>>>>>> upstream/18.0
=======
"chart6415","Taxes, fees and charges","6415","expense","False","Thuế, phí, lệ phí"
>>>>>>> upstream/18.0
=======
"chart6415","Taxes, fees and charges","6415","expense","False","Thuế, phí, lệ phí"
>>>>>>> upstream/18.0
=======
"chart6415","Taxes, fees and charges","6415","expense","False","Thuế, phí, lệ phí"
>>>>>>> upstream/18.0
=======
"chart6415","Taxes, fees and charges","6415","expense","False","Thuế, phí, lệ phí"
>>>>>>> upstream/18.0
=======
"chart6415","Taxes, fees and charges","6415","expense","False","Thuế, phí, lệ phí"
>>>>>>> upstream/18.0
=======
"chart6415","Taxes, fees and charges","6415","expense","False","Thuế, phí, lệ phí"
>>>>>>> upstream/18.0
=======
"chart6415","Taxes, fees and charges","6415","expense","False","Thuế, phí, lệ phí"
>>>>>>> upstream/18.0
=======
"chart6415","Taxes, fees and charges","6415","expense","False","Thuế, phí, lệ phí"
>>>>>>> upstream/18.0
=======
"chart6415","Taxes, fees and charges","6415","expense","False","Thuế, phí, lệ phí"
>>>>>>> upstream/18.0
=======
"chart6415","Taxes, fees and charges","6415","expense","False","Thuế, phí, lệ phí"
>>>>>>> upstream/18.0
=======
"chart6415","Taxes, fees and charges","6415","expense","False","Thuế, phí, lệ phí"
>>>>>>> upstream/18.0
=======
"chart6415","Taxes, fees and charges","6415","expense","False","Thuế, phí, lệ phí"
>>>>>>> upstream/18.0
=======
"chart6415","Taxes, fees and charges","6415","expense","False","Thuế, phí, lệ phí"
>>>>>>> upstream/18.0
=======
"chart6415","Taxes, fees and charges","6415","expense","False","Thuế, phí, lệ phí"
>>>>>>> upstream/18.0
=======
"chart6415","Taxes, fees and charges","6415","expense","False","Thuế, phí, lệ phí"
>>>>>>> upstream/18.0
=======
"chart6415","Taxes, fees and charges","6415","expense","False","Thuế, phí, lệ phí"
>>>>>>> upstream/18.0
=======
"chart6415","Taxes, fees and charges","6415","expense","False","Thuế, phí, lệ phí"
>>>>>>> upstream/18.0
=======
"chart6415","Taxes, fees and charges","6415","expense","False","Thuế, phí, lệ phí"
>>>>>>> upstream/18.0
=======
"chart6415","Taxes, fees and charges","6415","expense","False","Thuế, phí, lệ phí"
>>>>>>> upstream/18.0
=======
"chart6415","Taxes, fees and charges","6415","expense","False","Thuế, phí, lệ phí"
>>>>>>> upstream/18.0
=======
"chart6415","Taxes, fees and charges","6415","expense","False","Thuế, phí, lệ phí"
>>>>>>> upstream/18.0
=======
"chart6415","Taxes, fees and charges","6415","expense","False","Thuế, phí, lệ phí"
>>>>>>> upstream/18.0
=======
"chart6415","Taxes, fees and charges","6415","expense","False","Thuế, phí, lệ phí"
>>>>>>> upstream/18.0
=======
"chart6415","Taxes, fees and charges","6415","expense","False","Thuế, phí, lệ phí"
>>>>>>> upstream/18.0
=======
"chart6415","Taxes, fees and charges","6415","expense","False","Thuế, phí, lệ phí"
>>>>>>> upstream/18.0
=======
"chart6415","Taxes, fees and charges","6415","expense","False","Thuế, phí, lệ phí"
>>>>>>> upstream/18.0
=======
"chart6415","Taxes, fees and charges","6415","expense","False","Thuế, phí, lệ phí"
>>>>>>> upstream/18.0
=======
"chart6415","Taxes, fees and charges","6415","expense","False","Thuế, phí, lệ phí"
>>>>>>> upstream/18.0
=======
"chart6415","Taxes, fees and charges","6415","expense","False","Thuế, phí, lệ phí"
>>>>>>> upstream/18.0
=======
"chart6415","Taxes, fees and charges","6415","expense","False","Thuế, phí, lệ phí"
>>>>>>> upstream/18.0
"chart6417","Outside services","6417","expense","False","Chi phí dịch vụ mua ngoài"
"chart6418","Other expenses","6418","expense","False","Chi phí bằng tiền khác"
"chart6421","Employees management costs","6421","expense","False","Chi phí nhân viên"
"chart6422","Office supply expenses","6422","expense","False","Chi phí vật liệu quản lý"
"chart6423","Stationery costs","6423","expense","False","Chi phí đồ dùng văn phòng"
"chart6424","Fixed asset depreciation","6424","expense_depreciation","False","Chi phí khấu hao TSCĐ"
"chart6425","Taxes, fees and charges","6425","expense","False","Thuế, phí và lệ phí"
"chart6426","Provision expenses","6426","expense","False","Chi phí dự phòng"
"chart6427","Outside services","6427","expense","False","Chi phí dịch vụ mua ngoài"
"chart6428","Other expenses","6428","expense","False","Chi phí bằng tiền khác"
"chart711","Other Income","711","income_other","False","Thu nhập khác"
"chart811","Other Expenses","811","expense","False","Chi phí khác"
<<<<<<< HEAD
<<<<<<< HEAD
<<<<<<< HEAD
<<<<<<< HEAD
<<<<<<< HEAD
<<<<<<< HEAD
<<<<<<< HEAD
<<<<<<< HEAD
<<<<<<< HEAD
<<<<<<< HEAD
<<<<<<< HEAD
<<<<<<< HEAD
<<<<<<< HEAD
<<<<<<< HEAD
<<<<<<< HEAD
<<<<<<< HEAD
<<<<<<< HEAD
<<<<<<< HEAD
<<<<<<< HEAD
<<<<<<< HEAD
<<<<<<< HEAD
<<<<<<< HEAD
<<<<<<< HEAD
<<<<<<< HEAD
<<<<<<< HEAD
<<<<<<< HEAD
<<<<<<< HEAD
<<<<<<< HEAD
<<<<<<< HEAD
<<<<<<< HEAD
<<<<<<< HEAD
<<<<<<< HEAD
<<<<<<< HEAD
"chart8211","Current tax expense","8211","expense","False","Chi phí thuế thu nhập doanh nghiệp hiện hành"
=======
"chart8211","Current corporate income tax expenses according to the provisions of the Law on Corporate Income Tax","82111","expense","False","Chi phí thuế thu nhập doanh nghiệp hiện hành theo quy định của Luật thuế thu nhập doanh nghiệp"
"chart82112","Additional corporate income tax expense under the global minimum tax rules","82112","expense","False","Chi phí thuế thu nhập doanh nghiệp bổ sung theo quy định về thuế tối thiểu toàn cầu"
>>>>>>> upstream/18.0
=======
"chart8211","Current corporate income tax expenses according to the provisions of the Law on Corporate Income Tax","82111","expense","False","Chi phí thuế thu nhập doanh nghiệp hiện hành theo quy định của Luật thuế thu nhập doanh nghiệp"
"chart82112","Additional corporate income tax expense under the global minimum tax rules","82112","expense","False","Chi phí thuế thu nhập doanh nghiệp bổ sung theo quy định về thuế tối thiểu toàn cầu"
>>>>>>> upstream/18.0
=======
"chart8211","Current corporate income tax expenses according to the provisions of the Law on Corporate Income Tax","82111","expense","False","Chi phí thuế thu nhập doanh nghiệp hiện hành theo quy định của Luật thuế thu nhập doanh nghiệp"
"chart82112","Additional corporate income tax expense under the global minimum tax rules","82112","expense","False","Chi phí thuế thu nhập doanh nghiệp bổ sung theo quy định về thuế tối thiểu toàn cầu"
>>>>>>> upstream/18.0
=======
"chart8211","Current corporate income tax expenses according to the provisions of the Law on Corporate Income Tax","82111","expense","False","Chi phí thuế thu nhập doanh nghiệp hiện hành theo quy định của Luật thuế thu nhập doanh nghiệp"
"chart82112","Additional corporate income tax expense under the global minimum tax rules","82112","expense","False","Chi phí thuế thu nhập doanh nghiệp bổ sung theo quy định về thuế tối thiểu toàn cầu"
>>>>>>> upstream/18.0
=======
"chart8211","Current corporate income tax expenses according to the provisions of the Law on Corporate Income Tax","82111","expense","False","Chi phí thuế thu nhập doanh nghiệp hiện hành theo quy định của Luật thuế thu nhập doanh nghiệp"
"chart82112","Additional corporate income tax expense under the global minimum tax rules","82112","expense","False","Chi phí thuế thu nhập doanh nghiệp bổ sung theo quy định về thuế tối thiểu toàn cầu"
>>>>>>> upstream/18.0
=======
"chart8211","Current corporate income tax expenses according to the provisions of the Law on Corporate Income Tax","82111","expense","False","Chi phí thuế thu nhập doanh nghiệp hiện hành theo quy định của Luật thuế thu nhập doanh nghiệp"
"chart82112","Additional corporate income tax expense under the global minimum tax rules","82112","expense","False","Chi phí thuế thu nhập doanh nghiệp bổ sung theo quy định về thuế tối thiểu toàn cầu"
>>>>>>> upstream/18.0
=======
"chart8211","Current corporate income tax expenses according to the provisions of the Law on Corporate Income Tax","82111","expense","False","Chi phí thuế thu nhập doanh nghiệp hiện hành theo quy định của Luật thuế thu nhập doanh nghiệp"
"chart82112","Additional corporate income tax expense under the global minimum tax rules","82112","expense","False","Chi phí thuế thu nhập doanh nghiệp bổ sung theo quy định về thuế tối thiểu toàn cầu"
>>>>>>> upstream/18.0
=======
"chart8211","Current corporate income tax expenses according to the provisions of the Law on Corporate Income Tax","82111","expense","False","Chi phí thuế thu nhập doanh nghiệp hiện hành theo quy định của Luật thuế thu nhập doanh nghiệp"
"chart82112","Additional corporate income tax expense under the global minimum tax rules","82112","expense","False","Chi phí thuế thu nhập doanh nghiệp bổ sung theo quy định về thuế tối thiểu toàn cầu"
>>>>>>> upstream/18.0
=======
"chart8211","Current corporate income tax expenses according to the provisions of the Law on Corporate Income Tax","82111","expense","False","Chi phí thuế thu nhập doanh nghiệp hiện hành theo quy định của Luật thuế thu nhập doanh nghiệp"
"chart82112","Additional corporate income tax expense under the global minimum tax rules","82112","expense","False","Chi phí thuế thu nhập doanh nghiệp bổ sung theo quy định về thuế tối thiểu toàn cầu"
>>>>>>> upstream/18.0
=======
"chart8211","Current corporate income tax expenses according to the provisions of the Law on Corporate Income Tax","82111","expense","False","Chi phí thuế thu nhập doanh nghiệp hiện hành theo quy định của Luật thuế thu nhập doanh nghiệp"
"chart82112","Additional corporate income tax expense under the global minimum tax rules","82112","expense","False","Chi phí thuế thu nhập doanh nghiệp bổ sung theo quy định về thuế tối thiểu toàn cầu"
>>>>>>> upstream/18.0
=======
"chart8211","Current corporate income tax expenses according to the provisions of the Law on Corporate Income Tax","82111","expense","False","Chi phí thuế thu nhập doanh nghiệp hiện hành theo quy định của Luật thuế thu nhập doanh nghiệp"
"chart82112","Additional corporate income tax expense under the global minimum tax rules","82112","expense","False","Chi phí thuế thu nhập doanh nghiệp bổ sung theo quy định về thuế tối thiểu toàn cầu"
>>>>>>> upstream/18.0
=======
"chart8211","Current corporate income tax expenses according to the provisions of the Law on Corporate Income Tax","82111","expense","False","Chi phí thuế thu nhập doanh nghiệp hiện hành theo quy định của Luật thuế thu nhập doanh nghiệp"
"chart82112","Additional corporate income tax expense under the global minimum tax rules","82112","expense","False","Chi phí thuế thu nhập doanh nghiệp bổ sung theo quy định về thuế tối thiểu toàn cầu"
>>>>>>> upstream/18.0
=======
"chart8211","Current corporate income tax expenses according to the provisions of the Law on Corporate Income Tax","82111","expense","False","Chi phí thuế thu nhập doanh nghiệp hiện hành theo quy định của Luật thuế thu nhập doanh nghiệp"
"chart82112","Additional corporate income tax expense under the global minimum tax rules","82112","expense","False","Chi phí thuế thu nhập doanh nghiệp bổ sung theo quy định về thuế tối thiểu toàn cầu"
>>>>>>> upstream/18.0
=======
"chart8211","Current corporate income tax expenses according to the provisions of the Law on Corporate Income Tax","82111","expense","False","Chi phí thuế thu nhập doanh nghiệp hiện hành theo quy định của Luật thuế thu nhập doanh nghiệp"
"chart82112","Additional corporate income tax expense under the global minimum tax rules","82112","expense","False","Chi phí thuế thu nhập doanh nghiệp bổ sung theo quy định về thuế tối thiểu toàn cầu"
>>>>>>> upstream/18.0
=======
"chart8211","Current corporate income tax expenses according to the provisions of the Law on Corporate Income Tax","82111","expense","False","Chi phí thuế thu nhập doanh nghiệp hiện hành theo quy định của Luật thuế thu nhập doanh nghiệp"
"chart82112","Additional corporate income tax expense under the global minimum tax rules","82112","expense","False","Chi phí thuế thu nhập doanh nghiệp bổ sung theo quy định về thuế tối thiểu toàn cầu"
>>>>>>> upstream/18.0
=======
"chart8211","Current corporate income tax expenses according to the provisions of the Law on Corporate Income Tax","82111","expense","False","Chi phí thuế thu nhập doanh nghiệp hiện hành theo quy định của Luật thuế thu nhập doanh nghiệp"
"chart82112","Additional corporate income tax expense under the global minimum tax rules","82112","expense","False","Chi phí thuế thu nhập doanh nghiệp bổ sung theo quy định về thuế tối thiểu toàn cầu"
>>>>>>> upstream/18.0
=======
"chart8211","Current corporate income tax expenses according to the provisions of the Law on Corporate Income Tax","82111","expense","False","Chi phí thuế thu nhập doanh nghiệp hiện hành theo quy định của Luật thuế thu nhập doanh nghiệp"
"chart82112","Additional corporate income tax expense under the global minimum tax rules","82112","expense","False","Chi phí thuế thu nhập doanh nghiệp bổ sung theo quy định về thuế tối thiểu toàn cầu"
>>>>>>> upstream/18.0
=======
"chart8211","Current corporate income tax expenses according to the provisions of the Law on Corporate Income Tax","82111","expense","False","Chi phí thuế thu nhập doanh nghiệp hiện hành theo quy định của Luật thuế thu nhập doanh nghiệp"
"chart82112","Additional corporate income tax expense under the global minimum tax rules","82112","expense","False","Chi phí thuế thu nhập doanh nghiệp bổ sung theo quy định về thuế tối thiểu toàn cầu"
>>>>>>> upstream/18.0
=======
"chart8211","Current corporate income tax expenses according to the provisions of the Law on Corporate Income Tax","82111","expense","False","Chi phí thuế thu nhập doanh nghiệp hiện hành theo quy định của Luật thuế thu nhập doanh nghiệp"
"chart82112","Additional corporate income tax expense under the global minimum tax rules","82112","expense","False","Chi phí thuế thu nhập doanh nghiệp bổ sung theo quy định về thuế tối thiểu toàn cầu"
>>>>>>> upstream/18.0
=======
"chart8211","Current corporate income tax expenses according to the provisions of the Law on Corporate Income Tax","82111","expense","False","Chi phí thuế thu nhập doanh nghiệp hiện hành theo quy định của Luật thuế thu nhập doanh nghiệp"
"chart82112","Additional corporate income tax expense under the global minimum tax rules","82112","expense","False","Chi phí thuế thu nhập doanh nghiệp bổ sung theo quy định về thuế tối thiểu toàn cầu"
>>>>>>> upstream/18.0
=======
"chart8211","Current corporate income tax expenses according to the provisions of the Law on Corporate Income Tax","82111","expense","False","Chi phí thuế thu nhập doanh nghiệp hiện hành theo quy định của Luật thuế thu nhập doanh nghiệp"
"chart82112","Additional corporate income tax expense under the global minimum tax rules","82112","expense","False","Chi phí thuế thu nhập doanh nghiệp bổ sung theo quy định về thuế tối thiểu toàn cầu"
>>>>>>> upstream/18.0
=======
"chart8211","Current corporate income tax expenses according to the provisions of the Law on Corporate Income Tax","82111","expense","False","Chi phí thuế thu nhập doanh nghiệp hiện hành theo quy định của Luật thuế thu nhập doanh nghiệp"
"chart82112","Additional corporate income tax expense under the global minimum tax rules","82112","expense","False","Chi phí thuế thu nhập doanh nghiệp bổ sung theo quy định về thuế tối thiểu toàn cầu"
>>>>>>> upstream/18.0
=======
"chart8211","Current corporate income tax expenses according to the provisions of the Law on Corporate Income Tax","82111","expense","False","Chi phí thuế thu nhập doanh nghiệp hiện hành theo quy định của Luật thuế thu nhập doanh nghiệp"
"chart82112","Additional corporate income tax expense under the global minimum tax rules","82112","expense","False","Chi phí thuế thu nhập doanh nghiệp bổ sung theo quy định về thuế tối thiểu toàn cầu"
>>>>>>> upstream/18.0
=======
"chart8211","Current corporate income tax expenses according to the provisions of the Law on Corporate Income Tax","82111","expense","False","Chi phí thuế thu nhập doanh nghiệp hiện hành theo quy định của Luật thuế thu nhập doanh nghiệp"
"chart82112","Additional corporate income tax expense under the global minimum tax rules","82112","expense","False","Chi phí thuế thu nhập doanh nghiệp bổ sung theo quy định về thuế tối thiểu toàn cầu"
>>>>>>> upstream/18.0
=======
"chart8211","Current corporate income tax expenses according to the provisions of the Law on Corporate Income Tax","82111","expense","False","Chi phí thuế thu nhập doanh nghiệp hiện hành theo quy định của Luật thuế thu nhập doanh nghiệp"
"chart82112","Additional corporate income tax expense under the global minimum tax rules","82112","expense","False","Chi phí thuế thu nhập doanh nghiệp bổ sung theo quy định về thuế tối thiểu toàn cầu"
>>>>>>> upstream/18.0
=======
"chart8211","Current corporate income tax expenses according to the provisions of the Law on Corporate Income Tax","82111","expense","False","Chi phí thuế thu nhập doanh nghiệp hiện hành theo quy định của Luật thuế thu nhập doanh nghiệp"
"chart82112","Additional corporate income tax expense under the global minimum tax rules","82112","expense","False","Chi phí thuế thu nhập doanh nghiệp bổ sung theo quy định về thuế tối thiểu toàn cầu"
>>>>>>> upstream/18.0
=======
"chart8211","Current corporate income tax expenses according to the provisions of the Law on Corporate Income Tax","82111","expense","False","Chi phí thuế thu nhập doanh nghiệp hiện hành theo quy định của Luật thuế thu nhập doanh nghiệp"
"chart82112","Additional corporate income tax expense under the global minimum tax rules","82112","expense","False","Chi phí thuế thu nhập doanh nghiệp bổ sung theo quy định về thuế tối thiểu toàn cầu"
>>>>>>> upstream/18.0
=======
"chart8211","Current corporate income tax expenses according to the provisions of the Law on Corporate Income Tax","82111","expense","False","Chi phí thuế thu nhập doanh nghiệp hiện hành theo quy định của Luật thuế thu nhập doanh nghiệp"
"chart82112","Additional corporate income tax expense under the global minimum tax rules","82112","expense","False","Chi phí thuế thu nhập doanh nghiệp bổ sung theo quy định về thuế tối thiểu toàn cầu"
>>>>>>> upstream/18.0
=======
"chart8211","Current corporate income tax expenses according to the provisions of the Law on Corporate Income Tax","82111","expense","False","Chi phí thuế thu nhập doanh nghiệp hiện hành theo quy định của Luật thuế thu nhập doanh nghiệp"
"chart82112","Additional corporate income tax expense under the global minimum tax rules","82112","expense","False","Chi phí thuế thu nhập doanh nghiệp bổ sung theo quy định về thuế tối thiểu toàn cầu"
>>>>>>> upstream/18.0
=======
"chart8211","Current corporate income tax expenses according to the provisions of the Law on Corporate Income Tax","82111","expense","False","Chi phí thuế thu nhập doanh nghiệp hiện hành theo quy định của Luật thuế thu nhập doanh nghiệp"
"chart82112","Additional corporate income tax expense under the global minimum tax rules","82112","expense","False","Chi phí thuế thu nhập doanh nghiệp bổ sung theo quy định về thuế tối thiểu toàn cầu"
>>>>>>> upstream/18.0
=======
"chart8211","Current corporate income tax expenses according to the provisions of the Law on Corporate Income Tax","82111","expense","False","Chi phí thuế thu nhập doanh nghiệp hiện hành theo quy định của Luật thuế thu nhập doanh nghiệp"
"chart82112","Additional corporate income tax expense under the global minimum tax rules","82112","expense","False","Chi phí thuế thu nhập doanh nghiệp bổ sung theo quy định về thuế tối thiểu toàn cầu"
>>>>>>> upstream/18.0
=======
"chart8211","Current corporate income tax expenses according to the provisions of the Law on Corporate Income Tax","82111","expense","False","Chi phí thuế thu nhập doanh nghiệp hiện hành theo quy định của Luật thuế thu nhập doanh nghiệp"
"chart82112","Additional corporate income tax expense under the global minimum tax rules","82112","expense","False","Chi phí thuế thu nhập doanh nghiệp bổ sung theo quy định về thuế tối thiểu toàn cầu"
>>>>>>> upstream/18.0
=======
"chart8211","Current corporate income tax expenses according to the provisions of the Law on Corporate Income Tax","82111","expense","False","Chi phí thuế thu nhập doanh nghiệp hiện hành theo quy định của Luật thuế thu nhập doanh nghiệp"
"chart82112","Additional corporate income tax expense under the global minimum tax rules","82112","expense","False","Chi phí thuế thu nhập doanh nghiệp bổ sung theo quy định về thuế tối thiểu toàn cầu"
>>>>>>> upstream/18.0
"chart8212","Deferred tax expense","8212","expense","False","Chi phí thuế thu nhập doanh nghiệp hoãn lại"
"chart911","Income Summary","911","equity_unaffected","False","Xác định kết quả kinh doanh"
